PRAGMA foreign_keys=OFF;
BEGIN TRANSACTION;
CREATE TABLE "django_migrations" ("id" integer NOT NULL PRIMARY KEY AUTOINCREMENT, "app" varchar(255) NOT NULL, "name" varchar(255) NOT NULL, "applied" datetime NOT NULL);
INSERT INTO "django_migrations" VALUES(1,'contenttypes','0001_initial','2019-11-26 06:27:38.881442');
INSERT INTO "django_migrations" VALUES(2,'contenttypes','0002_remove_content_type_name','2019-11-26 06:27:39.035084');
INSERT INTO "django_migrations" VALUES(3,'auth','0001_initial','2019-11-26 06:27:39.182201');
INSERT INTO "django_migrations" VALUES(4,'auth','0002_alter_permission_name_max_length','2019-11-26 06:27:39.313974');
INSERT INTO "django_migrations" VALUES(5,'auth','0003_alter_user_email_max_length','2019-11-26 06:27:39.421055');
INSERT INTO "django_migrations" VALUES(6,'auth','0004_alter_user_username_opts','2019-11-26 06:27:39.521328');
INSERT INTO "django_migrations" VALUES(7,'auth','0005_alter_user_last_login_null','2019-11-26 06:27:39.621620');
INSERT INTO "django_migrations" VALUES(8,'auth','0006_require_contenttypes_0002','2019-11-26 06:27:39.721914');
INSERT INTO "django_migrations" VALUES(9,'auth','0007_alter_validators_add_error_messages','2019-11-26 06:27:39.822167');
INSERT INTO "django_migrations" VALUES(10,'auth','0008_alter_user_username_max_length','2019-11-26 06:27:39.984989');
INSERT INTO "django_migrations" VALUES(11,'auth','0009_alter_user_last_name_max_length','2019-11-26 06:27:40.138436');
INSERT INTO "django_migrations" VALUES(12,'auth','0010_alter_group_name_max_length','2019-11-26 06:27:40.254303');
INSERT INTO "django_migrations" VALUES(13,'auth','0011_update_proxy_permissions','2019-11-26 06:27:40.385835');
INSERT INTO "django_migrations" VALUES(14,'system','0001_initial','2019-11-26 06:27:40.485900');
INSERT INTO "django_migrations" VALUES(15,'admin','0001_initial','2019-11-26 06:27:40.570818');
INSERT INTO "django_migrations" VALUES(16,'admin','0002_logentry_remove_auto_add','2019-11-26 06:27:40.702004');
INSERT INTO "django_migrations" VALUES(17,'admin','0003_logentry_add_action_flag_choices','2019-11-26 06:27:40.824308');
INSERT INTO "django_migrations" VALUES(18,'sessions','0001_initial','2019-11-26 06:27:40.939927');
INSERT INTO "django_migrations" VALUES(19,'system','0002_auto_20191120_1546','2019-11-26 06:27:41.102523');
INSERT INTO "django_migrations" VALUES(20,'system','0003_auto_20191126_1442','2019-11-26 06:27:41.302957');
INSERT INTO "django_migrations" VALUES(21,'system','0004_auto_20191126_1610','2019-11-26 07:10:29.735448');
INSERT INTO "django_migrations" VALUES(22,'system','0005_auto_20191129_1726','2019-11-29 08:26:45.888433');
INSERT INTO "django_migrations" VALUES(23,'system','0006_auto_20191217_1654','2019-12-17 07:55:18.130093');
INSERT INTO "django_migrations" VALUES(24,'system','0007_auto_20191223_1528','2019-12-23 06:28:58.467257');
INSERT INTO "django_migrations" VALUES(25,'system','0008_auto_20200310_1137','2020-03-10 02:39:03.192270');
INSERT INTO "django_migrations" VALUES(26,'system','0009_auto_20200310_1423','2020-03-10 05:23:23.381679');
INSERT INTO "django_migrations" VALUES(27,'system','0010_auto_20200317_1237','2020-03-18 00:25:43.003218');
CREATE TABLE "django_content_type" ("id" integer NOT NULL PRIMARY KEY AUTOINCREMENT, "app_label" varchar(100) NOT NULL, "model" varchar(100) NOT NULL);
INSERT INTO "django_content_type" VALUES(1,'admin','logentry');
INSERT INTO "django_content_type" VALUES(2,'auth','permission');
INSERT INTO "django_content_type" VALUES(3,'auth','group');
INSERT INTO "django_content_type" VALUES(4,'contenttypes','contenttype');
INSERT INTO "django_content_type" VALUES(5,'sessions','session');
INSERT INTO "django_content_type" VALUES(6,'system','user');
INSERT INTO "django_content_type" VALUES(7,'system','budcode');
INSERT INTO "django_content_type" VALUES(8,'system','bumon');
INSERT INTO "django_content_type" VALUES(9,'system','depcode');
INSERT INTO "django_content_type" VALUES(10,'system','order_status');
INSERT INTO "django_content_type" VALUES(11,'system','syozoku');
INSERT INTO "django_content_type" VALUES(12,'system','tax');
INSERT INTO "django_content_type" VALUES(13,'system','unit');
INSERT INTO "django_content_type" VALUES(14,'system','procode');
INSERT INTO "django_content_type" VALUES(15,'system','order');
CREATE TABLE "auth_group_permissions" ("id" integer NOT NULL PRIMARY KEY AUTOINCREMENT, "group_id" integer NOT NULL REFERENCES "auth_group" ("id") DEFERRABLE INITIALLY DEFERRED, "permission_id" integer NOT NULL REFERENCES "auth_permission" ("id") DEFERRABLE INITIALLY DEFERRED);
CREATE TABLE "auth_permission" ("id" integer NOT NULL PRIMARY KEY AUTOINCREMENT, "content_type_id" integer NOT NULL REFERENCES "django_content_type" ("id") DEFERRABLE INITIALLY DEFERRED, "codename" varchar(100) NOT NULL, "name" varchar(255) NOT NULL);
INSERT INTO "auth_permission" VALUES(1,1,'add_logentry','Can add log entry');
INSERT INTO "auth_permission" VALUES(2,1,'change_logentry','Can change log entry');
INSERT INTO "auth_permission" VALUES(3,1,'delete_logentry','Can delete log entry');
INSERT INTO "auth_permission" VALUES(4,1,'view_logentry','Can view log entry');
INSERT INTO "auth_permission" VALUES(5,2,'add_permission','Can add permission');
INSERT INTO "auth_permission" VALUES(6,2,'change_permission','Can change permission');
INSERT INTO "auth_permission" VALUES(7,2,'delete_permission','Can delete permission');
INSERT INTO "auth_permission" VALUES(8,2,'view_permission','Can view permission');
INSERT INTO "auth_permission" VALUES(9,3,'add_group','Can add group');
INSERT INTO "auth_permission" VALUES(10,3,'change_group','Can change group');
INSERT INTO "auth_permission" VALUES(11,3,'delete_group','Can delete group');
INSERT INTO "auth_permission" VALUES(12,3,'view_group','Can view group');
INSERT INTO "auth_permission" VALUES(13,4,'add_contenttype','Can add content type');
INSERT INTO "auth_permission" VALUES(14,4,'change_contenttype','Can change content type');
INSERT INTO "auth_permission" VALUES(15,4,'delete_contenttype','Can delete content type');
INSERT INTO "auth_permission" VALUES(16,4,'view_contenttype','Can view content type');
INSERT INTO "auth_permission" VALUES(17,5,'add_session','Can add session');
INSERT INTO "auth_permission" VALUES(18,5,'change_session','Can change session');
INSERT INTO "auth_permission" VALUES(19,5,'delete_session','Can delete session');
INSERT INTO "auth_permission" VALUES(20,5,'view_session','Can view session');
INSERT INTO "auth_permission" VALUES(21,6,'add_user','Can add user');
INSERT INTO "auth_permission" VALUES(22,6,'change_user','Can change user');
INSERT INTO "auth_permission" VALUES(23,6,'delete_user','Can delete user');
INSERT INTO "auth_permission" VALUES(24,6,'view_user','Can view user');
INSERT INTO "auth_permission" VALUES(25,7,'add_budcode','Can add bud code');
INSERT INTO "auth_permission" VALUES(26,7,'change_budcode','Can change bud code');
INSERT INTO "auth_permission" VALUES(27,7,'delete_budcode','Can delete bud code');
INSERT INTO "auth_permission" VALUES(28,7,'view_budcode','Can view bud code');
INSERT INTO "auth_permission" VALUES(29,8,'add_bumon','Can add bumon');
INSERT INTO "auth_permission" VALUES(30,8,'change_bumon','Can change bumon');
INSERT INTO "auth_permission" VALUES(31,8,'delete_bumon','Can delete bumon');
INSERT INTO "auth_permission" VALUES(32,8,'view_bumon','Can view bumon');
INSERT INTO "auth_permission" VALUES(33,9,'add_depcode','Can add dep code');
INSERT INTO "auth_permission" VALUES(34,9,'change_depcode','Can change dep code');
INSERT INTO "auth_permission" VALUES(35,9,'delete_depcode','Can delete dep code');
INSERT INTO "auth_permission" VALUES(36,9,'view_depcode','Can view dep code');
INSERT INTO "auth_permission" VALUES(37,10,'add_order_status','Can add order_status');
INSERT INTO "auth_permission" VALUES(38,10,'change_order_status','Can change order_status');
INSERT INTO "auth_permission" VALUES(39,10,'delete_order_status','Can delete order_status');
INSERT INTO "auth_permission" VALUES(40,10,'view_order_status','Can view order_status');
INSERT INTO "auth_permission" VALUES(41,11,'add_syozoku','Can add syozoku');
INSERT INTO "auth_permission" VALUES(42,11,'change_syozoku','Can change syozoku');
INSERT INTO "auth_permission" VALUES(43,11,'delete_syozoku','Can delete syozoku');
INSERT INTO "auth_permission" VALUES(44,11,'view_syozoku','Can view syozoku');
INSERT INTO "auth_permission" VALUES(45,12,'add_tax','Can add tax');
INSERT INTO "auth_permission" VALUES(46,12,'change_tax','Can change tax');
INSERT INTO "auth_permission" VALUES(47,12,'delete_tax','Can delete tax');
INSERT INTO "auth_permission" VALUES(48,12,'view_tax','Can view tax');
INSERT INTO "auth_permission" VALUES(49,13,'add_unit','Can add unit');
INSERT INTO "auth_permission" VALUES(50,13,'change_unit','Can change unit');
INSERT INTO "auth_permission" VALUES(51,13,'delete_unit','Can delete unit');
INSERT INTO "auth_permission" VALUES(52,13,'view_unit','Can view unit');
INSERT INTO "auth_permission" VALUES(53,14,'add_procode','Can add pro code');
INSERT INTO "auth_permission" VALUES(54,14,'change_procode','Can change pro code');
INSERT INTO "auth_permission" VALUES(55,14,'delete_procode','Can delete pro code');
INSERT INTO "auth_permission" VALUES(56,14,'view_procode','Can view pro code');
INSERT INTO "auth_permission" VALUES(57,15,'add_order','Can add 発注');
INSERT INTO "auth_permission" VALUES(58,15,'change_order','Can change 発注');
INSERT INTO "auth_permission" VALUES(59,15,'delete_order','Can delete 発注');
INSERT INTO "auth_permission" VALUES(60,15,'view_order','Can view 発注');
CREATE TABLE "auth_group" ("id" integer NOT NULL PRIMARY KEY AUTOINCREMENT, "name" varchar(150) NOT NULL UNIQUE);
CREATE TABLE "system_user_groups" ("id" integer NOT NULL PRIMARY KEY AUTOINCREMENT, "user_id" integer NOT NULL REFERENCES "system_user" ("id") DEFERRABLE INITIALLY DEFERRED, "group_id" integer NOT NULL REFERENCES "auth_group" ("id") DEFERRABLE INITIALLY DEFERRED);
CREATE TABLE "system_user_user_permissions" ("id" integer NOT NULL PRIMARY KEY AUTOINCREMENT, "user_id" integer NOT NULL REFERENCES "system_user" ("id") DEFERRABLE INITIALLY DEFERRED, "permission_id" integer NOT NULL REFERENCES "auth_permission" ("id") DEFERRABLE INITIALLY DEFERRED);
CREATE TABLE "django_admin_log" ("id" integer NOT NULL PRIMARY KEY AUTOINCREMENT, "action_time" datetime NOT NULL, "object_id" text NULL, "object_repr" varchar(200) NOT NULL, "change_message" text NOT NULL, "content_type_id" integer NULL REFERENCES "django_content_type" ("id") DEFERRABLE INITIALLY DEFERRED, "user_id" integer NOT NULL REFERENCES "system_user" ("id") DEFERRABLE INITIALLY DEFERRED, "action_flag" smallint unsigned NOT NULL CHECK ("action_flag" >= 0));
INSERT INTO "django_admin_log" VALUES(1,'2019-11-28 01:21:34.088882','2','network','[{"added": {}}]',11,1,1);
INSERT INTO "django_admin_log" VALUES(2,'2019-11-28 01:22:52.973067','1','admin','[{"changed": {"fields": ["first_name", "last_name"]}}]',6,1,2);
INSERT INTO "django_admin_log" VALUES(3,'2019-11-28 01:24:39.251700','2','izume','[{"added": {}}]',6,1,1);
INSERT INTO "django_admin_log" VALUES(4,'2019-11-28 01:25:22.168025','2','izume','[{"changed": {"fields": ["first_name", "last_name", "email", "tel", "syozoku"]}}]',6,1,2);
INSERT INTO "django_admin_log" VALUES(5,'2019-11-28 01:42:25.412003','2','izume','[]',6,1,2);
INSERT INTO "django_admin_log" VALUES(6,'2019-11-28 01:42:52.380407','3','sakai','[{"added": {}}]',6,1,1);
INSERT INTO "django_admin_log" VALUES(7,'2019-11-28 01:43:33.471602','3','sakai','[{"changed": {"fields": ["first_name", "last_name", "email", "tel", "syozoku"]}}]',6,1,2);
INSERT INTO "django_admin_log" VALUES(8,'2019-11-28 01:56:07.352004','1','情報基盤－共通－ネットワーク－支援経費－運営費,3810031315','[{"added": {}}]',9,1,1);
INSERT INTO "django_admin_log" VALUES(9,'2019-11-28 01:56:29.046534','2','情報基盤－共通－ネットワーク－支援経費－全学教育研究資金,3810031370','[{"added": {}}]',9,1,1);
INSERT INTO "django_admin_log" VALUES(10,'2019-11-28 01:56:51.590993','3','情報基盤－共通－ネットワーク－支援経費－研究の多様性,3810031383','[{"added": {}}]',9,1,1);
INSERT INTO "django_admin_log" VALUES(11,'2019-11-28 01:57:18.854337','4','情報基盤－共通－ネットワーク－業務達成－ＳＩＮＥＴ（Ｈ３０）,3810036030','[{"added": {}}]',9,1,1);
INSERT INTO "django_admin_log" VALUES(12,'2019-11-28 01:57:43.711698','5','情報基盤ー共通ーネットワークー支援経費ー振替（内部売上等）,3810031360','[{"added": {}}]',9,1,1);
INSERT INTO "django_admin_log" VALUES(13,'2019-11-28 01:58:48.164595','1','大学運営費－教育研究経費,100202','[{"added": {}}]',7,1,1);
INSERT INTO "django_admin_log" VALUES(14,'2019-11-28 01:59:25.559845','2','大学運営費－教育研究－業務達成,100230','[{"added": {}}]',7,1,1);
INSERT INTO "django_admin_log" VALUES(15,'2019-11-28 02:00:06.604684','1','なし,000','[{"added": {}}]',14,1,1);
INSERT INTO "django_admin_log" VALUES(16,'2019-11-28 02:00:48.804425','1','ネットワーク部門 <予算責任者: 工藤知宏>','[{"added": {}}]',8,1,1);
INSERT INTO "django_admin_log" VALUES(17,'2019-11-28 02:01:48.942477','1','税込','[{"added": {}}]',12,1,1);
INSERT INTO "django_admin_log" VALUES(18,'2019-11-28 02:01:57.171432','2','税抜','[{"added": {}}]',12,1,1);
INSERT INTO "django_admin_log" VALUES(19,'2019-11-28 02:02:30.706773','1','発注済','[{"added": {}}]',10,1,1);
INSERT INTO "django_admin_log" VALUES(20,'2019-11-28 02:02:42.458517','2','未発注','[{"added": {}}]',10,1,1);
INSERT INTO "django_admin_log" VALUES(21,'2019-11-28 02:04:09.370562','1','台','[{"added": {}}]',13,1,1);
INSERT INTO "django_admin_log" VALUES(22,'2019-11-28 02:04:15.450052','2','式','[{"added": {}}]',13,1,1);
INSERT INTO "django_admin_log" VALUES(23,'2019-11-28 02:04:21.053243','3','個','[{"added": {}}]',13,1,1);
INSERT INTO "django_admin_log" VALUES(24,'2019-11-28 02:04:28.385897','4','件','[{"added": {}}]',13,1,1);
INSERT INTO "django_admin_log" VALUES(25,'2019-11-28 02:04:37.554448','5','本','[{"added": {}}]',13,1,1);
INSERT INTO "django_admin_log" VALUES(26,'2019-11-28 02:04:43.618273','6','枚','[{"added": {}}]',13,1,1);
INSERT INTO "django_admin_log" VALUES(27,'2019-11-28 02:04:48.161985','7','冊','[{"added": {}}]',13,1,1);
INSERT INTO "django_admin_log" VALUES(28,'2019-11-28 02:04:55.234526','8','組','[{"added": {}}]',13,1,1);
INSERT INTO "django_admin_log" VALUES(29,'2019-11-28 02:05:00.103427','9','セット','[{"added": {}}]',13,1,1);
INSERT INTO "django_admin_log" VALUES(30,'2019-11-28 02:05:06.716753','10','ドメイン','[{"added": {}}]',13,1,1);
INSERT INTO "django_admin_log" VALUES(31,'2019-11-28 02:05:11.459817','11','IP','[{"added": {}}]',13,1,1);
INSERT INTO "django_admin_log" VALUES(32,'2019-11-28 02:05:17.358316','12','&nbsp;','[{"added": {}}]',13,1,1);
INSERT INTO "django_admin_log" VALUES(33,'2019-11-29 07:21:59.918949','3','ECC','[{"added": {}}]',11,1,1);
INSERT INTO "django_admin_log" VALUES(34,'2019-11-29 07:22:04.330760','3','部署コード１,0000000001','[{"added": {}}]',7,1,1);
INSERT INTO "django_admin_log" VALUES(35,'2019-12-02 04:53:47.537710','6','ECC,0000000010','[{"added": {}}]',9,1,1);
INSERT INTO "django_admin_log" VALUES(36,'2019-12-02 04:55:07.926422','3','sakai','[{"changed": {"fields": ["syozoku"]}}]',6,1,2);
INSERT INTO "django_admin_log" VALUES(37,'2019-12-12 00:26:30.188828','2','教育本郷チーム <予算責任者: 柴山悦哉>','[{"added": {}}]',8,1,1);
INSERT INTO "django_admin_log" VALUES(38,'2019-12-12 00:26:54.523409','3','教育駒場チーム <予算責任者: 柴山悦哉>','[{"added": {}}]',8,1,1);
INSERT INTO "django_admin_log" VALUES(39,'2019-12-16 07:03:09.188388','3','sakai','[{"changed": {"fields": ["password"]}}]',6,1,2);
INSERT INTO "django_admin_log" VALUES(40,'2019-12-23 05:48:01.394928','2','なし,000','[{"added": {}}]',14,1,1);
INSERT INTO "django_admin_log" VALUES(41,'2019-12-23 05:48:59.751250','3','部署コード１,00000001','[{"changed": {"fields": ["code"]}}]',7,1,2);
INSERT INTO "django_admin_log" VALUES(42,'2019-12-23 05:49:09.593501','3','部署コード１,000001','[{"changed": {"fields": ["code"]}}]',7,1,2);
INSERT INTO "django_admin_log" VALUES(43,'2019-12-23 05:49:51.637028','4','部署コード２,000002','[{"added": {}}]',7,1,1);
INSERT INTO "django_admin_log" VALUES(44,'2019-12-23 05:50:54.541194','7','部署コード２,0000000011','[{"added": {}}]',9,1,1);
INSERT INTO "django_admin_log" VALUES(45,'2019-12-23 05:54:41.305868','2','2','[{"changed": {"fields": ["syozoku"]}}]',15,1,2);
INSERT INTO "django_admin_log" VALUES(46,'2019-12-23 06:16:17.529456','2','izume','[{"changed": {"fields": ["last_name", "first_name"]}}]',6,1,2);
INSERT INTO "django_admin_log" VALUES(47,'2019-12-23 06:16:36.387492','3','sakai','[{"changed": {"fields": ["last_name", "first_name"]}}]',6,1,2);
INSERT INTO "django_admin_log" VALUES(48,'2019-12-25 14:09:00.171271','4','sasaki','[{"added": {}}]',6,1,1);
INSERT INTO "django_admin_log" VALUES(49,'2019-12-25 14:09:45.605172','4','sasaki','[{"changed": {"fields": ["last_name", "first_name", "email"]}}]',6,1,2);
INSERT INTO "django_admin_log" VALUES(50,'2019-12-25 14:47:04.283811','4','未設定','[{"added": {}}]',11,1,1);
INSERT INTO "django_admin_log" VALUES(51,'2019-12-25 14:47:06.300079','4','未設定','[]',11,1,2);
INSERT INTO "django_admin_log" VALUES(52,'2019-12-25 14:48:19.942305','5','sayama','[{"added": {}}]',6,1,1);
INSERT INTO "django_admin_log" VALUES(53,'2019-12-25 14:55:22.829188','5','sayama','[{"changed": {"fields": ["last_name", "first_name", "email", "tel", "syozoku"]}}]',6,1,2);
INSERT INTO "django_admin_log" VALUES(54,'2020-01-07 00:12:19.455147','12','&nbsp;','',13,1,3);
INSERT INTO "django_admin_log" VALUES(55,'2020-01-07 00:13:42.393725','4','sasaki','',6,1,3);
INSERT INTO "django_admin_log" VALUES(56,'2020-01-07 00:13:56.238161','5','sayama','',6,1,3);
INSERT INTO "django_admin_log" VALUES(57,'2020-01-07 00:14:24.970005','6','sayama','[{"added": {}}]',6,1,1);
INSERT INTO "django_admin_log" VALUES(58,'2020-01-07 00:15:11.938692','6','sayama','[{"changed": {"fields": ["last_name", "first_name", "email", "tel", "syozoku"]}}]',6,1,2);
INSERT INTO "django_admin_log" VALUES(59,'2020-01-08 00:16:14.578673','6','sayama','',6,1,3);
INSERT INTO "django_admin_log" VALUES(60,'2020-01-15 04:10:39.199732','2','izume','[{"changed": {"fields": ["password"]}}]',6,1,2);
INSERT INTO "django_admin_log" VALUES(61,'2020-01-15 04:11:07.572091','3','sakai','[{"changed": {"fields": ["password"]}}]',6,1,2);
INSERT INTO "django_admin_log" VALUES(62,'2020-01-15 06:34:57.015807','7','7','[{"changed": {"fields": ["syozoku"]}}]',15,1,2);
INSERT INTO "django_admin_log" VALUES(63,'2020-01-23 02:39:29.612255','7','nakayama','[{"added": {}}]',6,1,1);
INSERT INTO "django_admin_log" VALUES(64,'2020-01-23 02:40:33.077049','7','nakayama','[{"changed": {"fields": ["last_name", "first_name", "email", "tel", "syozoku"]}}]',6,1,2);
INSERT INTO "django_admin_log" VALUES(65,'2020-01-23 02:40:52.658194','7','nakayama','[]',6,1,2);
INSERT INTO "django_admin_log" VALUES(66,'2020-01-23 02:43:46.291466','8','情報基盤ーネットワークー中山准教授ー研究経費ー研究費,3803301511','[{"added": {}}]',9,1,1);
INSERT INTO "django_admin_log" VALUES(67,'2020-01-23 02:44:51.297164','5','大学運営費ー教育研究経費,100202','[{"added": {}}]',7,1,1);
INSERT INTO "django_admin_log" VALUES(68,'2020-01-23 02:45:43.017368','4','中山雅哉 <予算責任者: 中山雅哉>','[{"added": {}}]',8,1,1);
INSERT INTO "django_admin_log" VALUES(69,'2020-01-23 03:00:44.663348','5','nakayama','[{"added": {}}]',11,1,1);
INSERT INTO "django_admin_log" VALUES(70,'2020-01-23 03:01:11.548720','7','nakayama','[{"changed": {"fields": ["syozoku"]}}]',6,1,2);
INSERT INTO "django_admin_log" VALUES(71,'2020-01-23 03:01:51.680030','5','大学運営費ー教育研究経費,100202','[{"changed": {"fields": ["syozoku"]}}]',7,1,2);
INSERT INTO "django_admin_log" VALUES(72,'2020-01-23 03:02:16.099938','8','情報基盤ーネットワークー中山准教授ー研究経費ー研究費,3803301511','[{"changed": {"fields": ["syozoku"]}}]',9,1,2);
INSERT INTO "django_admin_log" VALUES(73,'2020-01-23 03:02:54.278686','4','中山雅哉 <予算責任者: 中山雅哉>','[{"changed": {"fields": ["syozoku"]}}]',8,1,2);
INSERT INTO "django_admin_log" VALUES(74,'2020-01-23 03:05:57.929739','3','なし,000','[{"added": {}}]',14,1,1);
INSERT INTO "django_admin_log" VALUES(75,'2020-01-24 02:44:42.814381','8','sasaki','[{"added": {}}]',6,1,1);
INSERT INTO "django_admin_log" VALUES(76,'2020-02-13 00:51:21.186190','6','fumitaka','[{"added": {}}]',11,1,1);
INSERT INTO "django_admin_log" VALUES(77,'2020-02-13 00:52:23.943974','5','中村文隆 <予算責任者: 中村文隆>','[{"added": {}}]',8,1,1);
INSERT INTO "django_admin_log" VALUES(78,'2020-02-13 00:58:32.431843','7','nakamura.fumitaka','[{"added": {}}]',11,1,1);
INSERT INTO "django_admin_log" VALUES(79,'2020-02-13 00:59:02.261609','5','中村文隆 <予算責任者: 中村文隆>','',8,1,3);
INSERT INTO "django_admin_log" VALUES(80,'2020-02-13 00:59:26.063427','6','fumitaka','',11,1,3);
INSERT INTO "django_admin_log" VALUES(81,'2020-02-13 00:59:36.706795','7','nakamura.fumitaka','',11,1,3);
INSERT INTO "django_admin_log" VALUES(82,'2020-02-13 00:59:59.044838','8','nakamura.fumitaka','[{"added": {}}]',11,1,1);
INSERT INTO "django_admin_log" VALUES(83,'2020-02-13 01:00:59.475156','8','nakamura.fumitaka','',11,1,3);
INSERT INTO "django_admin_log" VALUES(84,'2020-02-13 01:01:16.088702','9','中村文隆','[{"added": {}}]',11,1,1);
INSERT INTO "django_admin_log" VALUES(85,'2020-02-13 01:01:53.400362','6','中村文隆 <予算責任者: 中村文隆>','[{"added": {}}]',8,1,1);
INSERT INTO "django_admin_log" VALUES(86,'2020-02-13 01:05:37.536275','9','情報基盤－ネットワーク－中村（文）助教－研究経費－研究費,3803501511','[{"added": {}}]',9,1,1);
INSERT INTO "django_admin_log" VALUES(87,'2020-02-13 01:06:30.012527','6','大学運営費－教育研究経費,100202','[{"added": {}}]',7,1,1);
INSERT INTO "django_admin_log" VALUES(88,'2020-02-13 01:08:34.793163','4','なし,000','[{"added": {}}]',14,1,1);
INSERT INTO "django_admin_log" VALUES(89,'2020-02-13 01:09:32.170961','9','nakamura','[{"added": {}}]',6,1,1);
INSERT INTO "django_admin_log" VALUES(90,'2020-02-13 01:12:01.177577','9','nakamura','[{"changed": {"fields": ["last_name", "first_name", "email", "tel", "syozoku"]}}]',6,1,2);
INSERT INTO "django_admin_log" VALUES(91,'2020-03-05 04:46:09.002990','8','sasaki','[{"changed": {"fields": ["syozoku"]}}]',6,1,2);
INSERT INTO "django_admin_log" VALUES(92,'2020-03-10 04:51:22.507862','25','25','',15,1,3);
INSERT INTO "django_admin_log" VALUES(93,'2020-03-10 04:51:22.567392','19','19','',15,1,3);
INSERT INTO "django_admin_log" VALUES(94,'2020-03-10 04:51:22.610069','18','18','',15,1,3);
INSERT INTO "django_admin_log" VALUES(95,'2020-03-10 04:51:22.657424','17','17','',15,1,3);
INSERT INTO "django_admin_log" VALUES(96,'2020-03-10 04:51:22.699835','16','16','',15,1,3);
INSERT INTO "django_admin_log" VALUES(97,'2020-03-10 04:51:22.742304','15','15','',15,1,3);
INSERT INTO "django_admin_log" VALUES(98,'2020-03-10 04:51:22.784836','14','14','',15,1,3);
INSERT INTO "django_admin_log" VALUES(99,'2020-03-10 04:51:22.826040','13','13','',15,1,3);
INSERT INTO "django_admin_log" VALUES(100,'2020-03-10 04:51:22.867179','12','12','',15,1,3);
INSERT INTO "django_admin_log" VALUES(101,'2020-03-10 04:51:22.904353','11','11','',15,1,3);
INSERT INTO "django_admin_log" VALUES(102,'2020-03-10 04:51:22.941862','10','10','',15,1,3);
INSERT INTO "django_admin_log" VALUES(103,'2020-03-10 04:51:22.979255','9','9','',15,1,3);
INSERT INTO "django_admin_log" VALUES(104,'2020-03-10 04:51:23.016574','8','8','',15,1,3);
INSERT INTO "django_admin_log" VALUES(105,'2020-03-10 04:51:23.059836','7','7','',15,1,3);
INSERT INTO "django_admin_log" VALUES(106,'2020-03-10 04:51:23.106289','6','6','',15,1,3);
INSERT INTO "django_admin_log" VALUES(107,'2020-03-10 04:51:23.143574','5','5','',15,1,3);
INSERT INTO "django_admin_log" VALUES(108,'2020-03-10 04:51:23.180971','4','4','',15,1,3);
INSERT INTO "django_admin_log" VALUES(109,'2020-03-10 04:51:23.218165','3','3','',15,1,3);
INSERT INTO "django_admin_log" VALUES(110,'2020-03-10 04:51:23.255540','2','2','',15,1,3);
INSERT INTO "django_admin_log" VALUES(111,'2020-03-10 04:51:23.293229','1','1','',15,1,3);
INSERT INTO "django_admin_log" VALUES(112,'2020-03-10 05:09:31.801612','26','26','',15,1,3);
INSERT INTO "django_admin_log" VALUES(113,'2020-03-12 01:34:04.147894','25','25','',15,1,3);
INSERT INTO "django_admin_log" VALUES(114,'2020-03-12 04:16:47.598285','2','izume','[{"changed": {"fields": ["password"]}}]',6,1,2);
INSERT INTO "django_admin_log" VALUES(115,'2020-03-12 08:21:57.622842','10','komaidesu','[{"added": {}}]',6,1,1);
INSERT INTO "django_admin_log" VALUES(116,'2020-03-12 08:22:28.753308','3','sakai','[{"changed": {"fields": ["syozoku"]}}]',6,1,2);
INSERT INTO "django_admin_log" VALUES(117,'2020-03-12 08:24:15.029355','10','komaidesu','[{"changed": {"fields": ["last_name", "first_name", "email", "tel", "syozoku", "is_staff"]}}]',6,1,2);
INSERT INTO "django_admin_log" VALUES(118,'2020-03-12 08:24:37.257173','10','komaidesu','[{"changed": {"fields": ["last_name", "first_name"]}}]',6,1,2);
INSERT INTO "django_admin_log" VALUES(119,'2020-03-12 08:29:54.870570','10','komaidesu','[{"changed": {"fields": ["is_staff"]}}]',6,1,2);
INSERT INTO "django_admin_log" VALUES(120,'2020-03-12 08:32:10.413115','2','izume','[{"changed": {"fields": ["is_superuser"]}}]',6,1,2);
INSERT INTO "django_admin_log" VALUES(121,'2020-03-12 08:33:27.788810','2','izume','[{"changed": {"fields": ["is_superuser"]}}]',6,1,2);
INSERT INTO "django_admin_log" VALUES(122,'2020-03-17 02:02:50.620689','12','ライセンス','[{"added": {}}]',13,1,1);
CREATE TABLE "django_session" ("session_key" varchar(40) NOT NULL PRIMARY KEY, "session_data" text NOT NULL, "expire_date" datetime NOT NULL);
INSERT INTO "django_session" VALUES('2glyvxv2o6o59denw3idxz47ob52bge2','NWFlMmQ2MzcwYjZkNWRiZTczMDc5ZWY5YWMyZjQyNTZjMjc1Y2VmYTp7Il9hdXRoX3VzZXJfaWQiOiIyIiwiX2F1dGhfdXNlcl9iYWNrZW5kIjoiZGphbmdvLmNvbnRyaWIuYXV0aC5iYWNrZW5kcy5Nb2RlbEJhY2tlbmQiLCJfYXV0aF91c2VyX2hhc2giOiIyYzhjZDg3NWJjYWRmNmJlZTFlNWM2OWI2MmQ0YmEwYTFhODVjMjBiIn0=','2019-12-13 07:22:38.532978');
INSERT INTO "django_session" VALUES('4svtws1s2m6t7aax6927hokyuhd902d7','NTY4MjgxMWRmOTk5ZjdkZWQzOTk1NDE2NzFhYjFjNjYyNjRjOWQxYzp7Il9hdXRoX3VzZXJfaWQiOiIyIiwiX2F1dGhfdXNlcl9iYWNrZW5kIjoiZGphbmdvLmNvbnRyaWIuYXV0aC5iYWNrZW5kcy5Nb2RlbEJhY2tlbmQiLCJfYXV0aF91c2VyX2hhc2giOiI4MWZiOTNiZDEyMDllODA2MzFjYzBkZjViNDM4ZGYxY2QxMTBiMTBhIn0=','2019-12-26 08:07:57.141661');
INSERT INTO "django_session" VALUES('o5zyi3xnzylxpvp0oyh5o9jgk537ezag','ZjBhYjEzNjU3ODM3ZDQyZTQ4YzVmYjIyNDEyNzVmMzg0ZWMyZDE2Mjp7Il9hdXRoX3VzZXJfaWQiOiIxIiwiX2F1dGhfdXNlcl9iYWNrZW5kIjoiZGphbmdvLmNvbnRyaWIuYXV0aC5iYWNrZW5kcy5Nb2RlbEJhY2tlbmQiLCJfYXV0aF91c2VyX2hhc2giOiI0Yzg3NDVkOWQ5MjhjMzUwM2QxY2VjOTk0Mjc5MGJiZjFlOWY4ZjQ3In0=','2019-12-27 00:26:04.158659');
INSERT INTO "django_session" VALUES('c7yffa6i38b8re9x2r5afm3seze16h2j','NTY4MjgxMWRmOTk5ZjdkZWQzOTk1NDE2NzFhYjFjNjYyNjRjOWQxYzp7Il9hdXRoX3VzZXJfaWQiOiIyIiwiX2F1dGhfdXNlcl9iYWNrZW5kIjoiZGphbmdvLmNvbnRyaWIuYXV0aC5iYWNrZW5kcy5Nb2RlbEJhY2tlbmQiLCJfYXV0aF91c2VyX2hhc2giOiI4MWZiOTNiZDEyMDllODA2MzFjYzBkZjViNDM4ZGYxY2QxMTBiMTBhIn0=','2019-12-27 02:28:57.950692');
INSERT INTO "django_session" VALUES('bzijzbjjdb20zpgh6m6se59jo217ze1d','M2ZiZDI2OTZhN2Q3MDQwMmViNWIzNTA0ZjFkZWU2NTU2M2M4MDNhZjp7Il9hdXRoX3VzZXJfaWQiOiIyIiwiX2F1dGhfdXNlcl9iYWNrZW5kIjoiZGphbmdvLmNvbnRyaWIuYXV0aC5iYWNrZW5kcy5Nb2RlbEJhY2tlbmQiLCJfYXV0aF91c2VyX2hhc2giOiI4MWZiOTNiZDEyMDllODA2MzFjYzBkZjViNDM4ZGYxY2QxMTBiMTBhIiwiZm9ybV92YWx1ZSI6WyIyMDE5IiwiIl19','2019-12-30 08:38:01.648493');
INSERT INTO "django_session" VALUES('crrenec4jz2367ic7cr7l9q9qm0npqcd','M2ZiZDI2OTZhN2Q3MDQwMmViNWIzNTA0ZjFkZWU2NTU2M2M4MDNhZjp7Il9hdXRoX3VzZXJfaWQiOiIyIiwiX2F1dGhfdXNlcl9iYWNrZW5kIjoiZGphbmdvLmNvbnRyaWIuYXV0aC5iYWNrZW5kcy5Nb2RlbEJhY2tlbmQiLCJfYXV0aF91c2VyX2hhc2giOiI4MWZiOTNiZDEyMDllODA2MzFjYzBkZjViNDM4ZGYxY2QxMTBiMTBhIiwiZm9ybV92YWx1ZSI6WyIyMDE5IiwiIl19','2020-01-01 01:40:20.734972');
INSERT INTO "django_session" VALUES('a044vddlptq4gdlx3gswxb4e4ybjq41p','N2EyODYyNjFjYjc5NWEwNDM3YWQ3MmZmODg4ZTYxYzE3NzM3YmNmYTp7Il9hdXRoX3VzZXJfaWQiOiIzIiwiX2F1dGhfdXNlcl9iYWNrZW5kIjoiZGphbmdvLmNvbnRyaWIuYXV0aC5iYWNrZW5kcy5Nb2RlbEJhY2tlbmQiLCJfYXV0aF91c2VyX2hhc2giOiI3MmE1MWUxYWM4OGNmZDFlNWViNWVhMjlkYTI3ZjlkZDRlZTk5NDQ3IiwiZm9ybV92YWx1ZSI6WyIyMDE5IiwiIl19','2020-01-07 06:50:55.125400');
INSERT INTO "django_session" VALUES('9vh2ki7uute4yoffaqxa4jfg7fiin0t0','YWE4Y2E2YTA1ZmNjYjY2YjJkN2YyOTI3OTM2Y2Y4OWNhYTU2ZjUwNDp7Il9hdXRoX3VzZXJfaWQiOiI0IiwiX2F1dGhfdXNlcl9iYWNrZW5kIjoiZGphbmdvLmNvbnRyaWIuYXV0aC5iYWNrZW5kcy5Nb2RlbEJhY2tlbmQiLCJfYXV0aF91c2VyX2hhc2giOiJmNDYzMzE4NTQ1MjNkNDViYTQzNzdhOTY2ZjNlZDg4ZDU1MDE1ODAxIn0=','2020-01-09 15:52:03.434805');
INSERT INTO "django_session" VALUES('xhrgj2udpxqsfp6s8j0jeanh6qwb32bx','ZjBhYjEzNjU3ODM3ZDQyZTQ4YzVmYjIyNDEyNzVmMzg0ZWMyZDE2Mjp7Il9hdXRoX3VzZXJfaWQiOiIxIiwiX2F1dGhfdXNlcl9iYWNrZW5kIjoiZGphbmdvLmNvbnRyaWIuYXV0aC5iYWNrZW5kcy5Nb2RlbEJhY2tlbmQiLCJfYXV0aF91c2VyX2hhc2giOiI0Yzg3NDVkOWQ5MjhjMzUwM2QxY2VjOTk0Mjc5MGJiZjFlOWY4ZjQ3In0=','2020-01-21 00:10:36.957962');
INSERT INTO "django_session" VALUES('1msvy8k7pqr1612wdnue0w44rfjuqil6','M2ZiZDI2OTZhN2Q3MDQwMmViNWIzNTA0ZjFkZWU2NTU2M2M4MDNhZjp7Il9hdXRoX3VzZXJfaWQiOiIyIiwiX2F1dGhfdXNlcl9iYWNrZW5kIjoiZGphbmdvLmNvbnRyaWIuYXV0aC5iYWNrZW5kcy5Nb2RlbEJhY2tlbmQiLCJfYXV0aF91c2VyX2hhc2giOiI4MWZiOTNiZDEyMDllODA2MzFjYzBkZjViNDM4ZGYxY2QxMTBiMTBhIiwiZm9ybV92YWx1ZSI6WyIyMDE5IiwiIl19','2020-01-22 01:10:52.667235');
INSERT INTO "django_session" VALUES('x5ub178rwdfk4wl912umwrrmvgdv3frh','MWQ0MDZkYzlkY2UxZGE0NjJiZWRkZDdkODQzYjEyNzlkMDRjOGNjNDp7Il9hdXRoX3VzZXJfaWQiOiIzIiwiX2F1dGhfdXNlcl9iYWNrZW5kIjoiZGphbmdvLmNvbnRyaWIuYXV0aC5iYWNrZW5kcy5Nb2RlbEJhY2tlbmQiLCJfYXV0aF91c2VyX2hhc2giOiI2YTc4NzhiN2NjYWQ5MjhlMjkwZjA1N2EyZjc1MzFjMWM5YTI1ODA0IiwiZm9ybV92YWx1ZSI6WyIyMDE5IiwiIl19','2020-01-29 04:44:02.677760');
INSERT INTO "django_session" VALUES('rgf4jc3l53hh4t859zhlebkf1zcxuu1u','OWM3ODI4YWQ1MjI0OTk0MDU1MDA5ZTg2NWMyNzk5MWJlNTA4MjgxZjp7Il9hdXRoX3VzZXJfaWQiOiIxIiwiX2F1dGhfdXNlcl9iYWNrZW5kIjoiZGphbmdvLmNvbnRyaWIuYXV0aC5iYWNrZW5kcy5Nb2RlbEJhY2tlbmQiLCJfYXV0aF91c2VyX2hhc2giOiIzOGIzMzkwMjA2MjU5MmExMjQwM2RkZDBmOWMwNDc5ZDZhMGU1MzQzIn0=','2020-01-30 06:58:42.926651');
INSERT INTO "django_session" VALUES('m1zvn8vonp9zf9j7r6wnvnmrbgitu18x','OGFmZTM2ZjY5YTliYzFhN2IwZDk4YTRhZjcyOTVlMzI0ODRlNjc4MTp7Il9hdXRoX3VzZXJfaWQiOiI4IiwiX2F1dGhfdXNlcl9iYWNrZW5kIjoiZGphbmdvLmNvbnRyaWIuYXV0aC5iYWNrZW5kcy5Nb2RlbEJhY2tlbmQiLCJfYXV0aF91c2VyX2hhc2giOiI1OTY3NmY3MWQ1M2Q0YjQ0OWQ0NGNlZDllMzQ1NTEzNTEwNDBhMWM4In0=','2020-02-07 02:45:19.193232');
INSERT INTO "django_session" VALUES('tu2kyf5b08s2kbana2m8a62640iaqagx','NGVhOWFkOGQzY2UyYjFiZWRlMjIxZDI4MGE0ZmViNGE5YjU0ODFkODp7Il9hdXRoX3VzZXJfaWQiOiIyIiwiX2F1dGhfdXNlcl9iYWNrZW5kIjoiZGphbmdvLmNvbnRyaWIuYXV0aC5iYWNrZW5kcy5Nb2RlbEJhY2tlbmQiLCJfYXV0aF91c2VyX2hhc2giOiJjZDZjOWZlZWE0MDVhZjQ1OTNhN2EzMjY0NGM5NjAwNDBiOWIxNzY1IiwiZm9ybV92YWx1ZSI6WyIyMDIwIiwiIl19','2020-02-27 02:38:22.304752');
INSERT INTO "django_session" VALUES('4v6xp8v8n5cgx5tgz7d1pjxqq5p320yf','NDMyMTJiMDUxMmIyYjc4ZGZkNTVkOTI2MjVjNDBkZTBlYmZlZmZjOTp7Il9hdXRoX3VzZXJfaGFzaCI6IjM4YjMzOTAyMDYyNTkyYTEyNDAzZGRkMGY5YzA0NzlkNmEwZTUzNDMiLCJfYXV0aF91c2VyX2lkIjoiMSIsIl9hdXRoX3VzZXJfYmFja2VuZCI6ImRqYW5nby5jb250cmliLmF1dGguYmFja2VuZHMuTW9kZWxCYWNrZW5kIn0=','2020-02-29 09:19:24.945321');
INSERT INTO "django_session" VALUES('4bwq3b57z2goonehidlqpqb5q5w3h1oe','OWM3ODI4YWQ1MjI0OTk0MDU1MDA5ZTg2NWMyNzk5MWJlNTA4MjgxZjp7Il9hdXRoX3VzZXJfaWQiOiIxIiwiX2F1dGhfdXNlcl9iYWNrZW5kIjoiZGphbmdvLmNvbnRyaWIuYXV0aC5iYWNrZW5kcy5Nb2RlbEJhY2tlbmQiLCJfYXV0aF91c2VyX2hhc2giOiIzOGIzMzkwMjA2MjU5MmExMjQwM2RkZDBmOWMwNDc5ZDZhMGU1MzQzIn0=','2020-02-29 10:54:03.592877');
INSERT INTO "django_session" VALUES('swz4fkm4lbmzff04ahfvgdsprcwt3tg0','OWM3ODI4YWQ1MjI0OTk0MDU1MDA5ZTg2NWMyNzk5MWJlNTA4MjgxZjp7Il9hdXRoX3VzZXJfaWQiOiIxIiwiX2F1dGhfdXNlcl9iYWNrZW5kIjoiZGphbmdvLmNvbnRyaWIuYXV0aC5iYWNrZW5kcy5Nb2RlbEJhY2tlbmQiLCJfYXV0aF91c2VyX2hhc2giOiIzOGIzMzkwMjA2MjU5MmExMjQwM2RkZDBmOWMwNDc5ZDZhMGU1MzQzIn0=','2020-03-02 06:17:49.225808');
INSERT INTO "django_session" VALUES('oqual54u2eszjqlynx3et5f2kwgwovua','NTI1NTE3NTI5MjE2OWVmMmYyMjgxYjc4NjI0ZTY0N2FkYjM0ZDIxZTp7ImZvcm1fdmFsdWUiOlsiMjAxOSIsIiJdLCJfYXV0aF91c2VyX2lkIjoiMiIsIl9hdXRoX3VzZXJfYmFja2VuZCI6ImRqYW5nby5jb250cmliLmF1dGguYmFja2VuZHMuTW9kZWxCYWNrZW5kIiwiX2F1dGhfdXNlcl9oYXNoIjoiY2Q2YzlmZWVhNDA1YWY0NTkzYTdhMzI2NDRjOTYwMDQwYjliMTc2NSJ9','2020-03-06 05:16:58.627400');
INSERT INTO "django_session" VALUES('kyax2vbx1qf9gasso6415c153qsqk0rr','ZDlhMzQ3ODExNTlkOTA3NDYwNWEwNzdhMTA4ZGNkNmM3MzU5ZGI3Mzp7ImZvcm1fdmFsdWUiOlsiMjAxOSIsIiJdLCJfYXV0aF91c2VyX2lkIjoiOSIsIl9hdXRoX3VzZXJfYmFja2VuZCI6ImRqYW5nby5jb250cmliLmF1dGguYmFja2VuZHMuTW9kZWxCYWNrZW5kIiwiX2F1dGhfdXNlcl9oYXNoIjoiYzE2MTNkNjk1NDkyMWI5ZmMzZGY1N2MzN2U4MGNkYTBiNDJiNWJiMiJ9','2020-03-13 06:18:26.278644');
INSERT INTO "django_session" VALUES('syf67j4dhgzjfh9lx7th8xl9pw2avd0q','NTI1NTE3NTI5MjE2OWVmMmYyMjgxYjc4NjI0ZTY0N2FkYjM0ZDIxZTp7ImZvcm1fdmFsdWUiOlsiMjAxOSIsIiJdLCJfYXV0aF91c2VyX2lkIjoiMiIsIl9hdXRoX3VzZXJfYmFja2VuZCI6ImRqYW5nby5jb250cmliLmF1dGguYmFja2VuZHMuTW9kZWxCYWNrZW5kIiwiX2F1dGhfdXNlcl9oYXNoIjoiY2Q2YzlmZWVhNDA1YWY0NTkzYTdhMzI2NDRjOTYwMDQwYjliMTc2NSJ9','2020-03-13 06:49:58.886401');
INSERT INTO "django_session" VALUES('dter50vuyfkrwn78o2damgqgomqhkuea','MDljYjdlYjExNmM4YWFlMTAzODU2M2Y2ZDcxZWNkOGM1ODFiNWExODp7Il9hdXRoX3VzZXJfaGFzaCI6IjU5Njc2ZjcxZDUzZDRiNDQ5ZDQ0Y2VkOWUzNDU1MTM1MTA0MGExYzgiLCJfYXV0aF91c2VyX2lkIjoiOCIsIl9hdXRoX3VzZXJfYmFja2VuZCI6ImRqYW5nby5jb250cmliLmF1dGguYmFja2VuZHMuTW9kZWxCYWNrZW5kIiwiZm9ybV92YWx1ZSI6WyIyMDE5IiwiIl19','2020-03-19 05:35:17.307715');
INSERT INTO "django_session" VALUES('ljj50gbg8udrx1luef5f1ivgz1vo9hho','MDQ4Njg1ZDBiMTRiZGRjMzlkOGRiZTZmYTMzZTkxYThhY2Q2NDJkNDp7Il9hdXRoX3VzZXJfaWQiOiIyIiwiX2F1dGhfdXNlcl9iYWNrZW5kIjoiZGphbmdvLmNvbnRyaWIuYXV0aC5iYWNrZW5kcy5Nb2RlbEJhY2tlbmQiLCJfYXV0aF91c2VyX2hhc2giOiJjZDZjOWZlZWE0MDVhZjQ1OTNhN2EzMjY0NGM5NjAwNDBiOWIxNzY1IiwiZm9ybV92YWx1ZSI6WyIyMDE5Il19','2020-03-20 02:15:15.203448');
INSERT INTO "django_session" VALUES('4430tezk0kjhrqhh6m5kx4dx5wai6426','OWM3ODI4YWQ1MjI0OTk0MDU1MDA5ZTg2NWMyNzk5MWJlNTA4MjgxZjp7Il9hdXRoX3VzZXJfaWQiOiIxIiwiX2F1dGhfdXNlcl9iYWNrZW5kIjoiZGphbmdvLmNvbnRyaWIuYXV0aC5iYWNrZW5kcy5Nb2RlbEJhY2tlbmQiLCJfYXV0aF91c2VyX2hhc2giOiIzOGIzMzkwMjA2MjU5MmExMjQwM2RkZDBmOWMwNDc5ZDZhMGU1MzQzIn0=','2020-03-24 06:22:22.115518');
INSERT INTO "django_session" VALUES('ifxi8u4imsytwcc3f7v4acczbbxicrnm','OGYxOTlmNTlhZWQ2MzA1MmM3ZGJmZTNlYzFlZjk1NDVlODZmYmE4ZTp7Il9hdXRoX3VzZXJfaWQiOiIzIiwiX2F1dGhfdXNlcl9iYWNrZW5kIjoiZGphbmdvLmNvbnRyaWIuYXV0aC5iYWNrZW5kcy5Nb2RlbEJhY2tlbmQiLCJfYXV0aF91c2VyX2hhc2giOiI2YTc4NzhiN2NjYWQ5MjhlMjkwZjA1N2EyZjc1MzFjMWM5YTI1ODA0In0=','2020-03-26 08:22:59.068558');
INSERT INTO "django_session" VALUES('vyucph0eymoof5jw0wolqxvyjeo5188i','NjExNTkyMDlhMjExMWZjYjA1YTMyMjMxZGRjMzQ0ZTMzOTgyODk2NTp7Il9hdXRoX3VzZXJfaWQiOiIyIiwiX2F1dGhfdXNlcl9iYWNrZW5kIjoiZGphbmdvLmNvbnRyaWIuYXV0aC5iYWNrZW5kcy5Nb2RlbEJhY2tlbmQiLCJfYXV0aF91c2VyX2hhc2giOiI1ZjRiODQxNmVhY2EyOTNkZGU3YTNkYzQ4OGI3OWQwMmQ0MjdiNGNhIn0=','2020-03-27 04:07:48.575349');
INSERT INTO "django_session" VALUES('rr1hbykwygeoivoscj4le0lizazghbtw','M2E2OWZhOTVmMzJjNzY2OTRjZmMwZjgzYjEwZTE2ZmZkZjAyNmNmZDp7Il9hdXRoX3VzZXJfaWQiOiI5IiwiX2F1dGhfdXNlcl9iYWNrZW5kIjoiZGphbmdvLmNvbnRyaWIuYXV0aC5iYWNrZW5kcy5Nb2RlbEJhY2tlbmQiLCJfYXV0aF91c2VyX2hhc2giOiJjMTYxM2Q2OTU0OTIxYjlmYzNkZjU3YzM3ZTgwY2RhMGI0MmI1YmIyIn0=','2020-03-27 04:55:34.857509');
INSERT INTO "django_session" VALUES('mesz4b5f4enc1utmvqj3tmzebf3faq4y','OWM3ODI4YWQ1MjI0OTk0MDU1MDA5ZTg2NWMyNzk5MWJlNTA4MjgxZjp7Il9hdXRoX3VzZXJfaWQiOiIxIiwiX2F1dGhfdXNlcl9iYWNrZW5kIjoiZGphbmdvLmNvbnRyaWIuYXV0aC5iYWNrZW5kcy5Nb2RlbEJhY2tlbmQiLCJfYXV0aF91c2VyX2hhc2giOiIzOGIzMzkwMjA2MjU5MmExMjQwM2RkZDBmOWMwNDc5ZDZhMGU1MzQzIn0=','2020-03-31 03:39:19.508398');
INSERT INTO "django_session" VALUES('iu7cw0nsj3xxzlrlexckgbb79vjlfd2g','NDkwZWQxYTFmYWExYzk4MTAxNjY0ZjI2YjEwY2NiZmQwNGM4NGUwODp7Il9hdXRoX3VzZXJfaWQiOiIxIiwiX2F1dGhfdXNlcl9oYXNoIjoiMzhiMzM5MDIwNjI1OTJhMTI0MDNkZGQwZjljMDQ3OWQ2YTBlNTM0MyIsIl9hdXRoX3VzZXJfYmFja2VuZCI6ImRqYW5nby5jb250cmliLmF1dGguYmFja2VuZHMuTW9kZWxCYWNrZW5kIn0=','2020-04-01 00:27:23.036466');
CREATE TABLE "order_status_list" ("id" integer NOT NULL PRIMARY KEY AUTOINCREMENT, "status" varchar(16) NOT NULL);
INSERT INTO "order_status_list" VALUES(1,'発注済');
INSERT INTO "order_status_list" VALUES(2,'未発注');
CREATE TABLE "bumon" ("id" integer NOT NULL PRIMARY KEY AUTOINCREMENT, "name" varchar(32) NOT NULL, "budget_manager" varchar(32) NOT NULL, "syozoku_id" integer NOT NULL REFERENCES "syozoku_list" ("id") DEFERRABLE INITIALLY DEFERRED);
INSERT INTO "bumon" VALUES(1,'ネットワーク部門','工藤知宏',2);
INSERT INTO "bumon" VALUES(2,'教育本郷チーム','柴山悦哉',3);
INSERT INTO "bumon" VALUES(3,'教育駒場チーム','柴山悦哉',3);
INSERT INTO "bumon" VALUES(4,'中山雅哉','中山雅哉',5);
INSERT INTO "bumon" VALUES(6,'中村文隆','中村文隆',9);
CREATE TABLE "syozoku_list" ("id" integer NOT NULL PRIMARY KEY AUTOINCREMENT, "desc" varchar(32) NOT NULL);
INSERT INTO "syozoku_list" VALUES(1,'admin');
INSERT INTO "syozoku_list" VALUES(2,'network');
INSERT INTO "syozoku_list" VALUES(3,'ECC');
INSERT INTO "syozoku_list" VALUES(4,'未設定');
INSERT INTO "syozoku_list" VALUES(5,'nakayama');
INSERT INTO "syozoku_list" VALUES(9,'中村文隆');
CREATE TABLE "system_tax" ("id" integer NOT NULL PRIMARY KEY AUTOINCREMENT, "included" varchar(12) NOT NULL);
INSERT INTO "system_tax" VALUES(1,'税込');
INSERT INTO "system_tax" VALUES(2,'税抜');
CREATE TABLE "system_unit" ("id" integer NOT NULL PRIMARY KEY AUTOINCREMENT, "classifier" varchar(12) NOT NULL);
INSERT INTO "system_unit" VALUES(1,'台');
INSERT INTO "system_unit" VALUES(2,'式');
INSERT INTO "system_unit" VALUES(3,'個');
INSERT INTO "system_unit" VALUES(4,'件');
INSERT INTO "system_unit" VALUES(5,'本');
INSERT INTO "system_unit" VALUES(6,'枚');
INSERT INTO "system_unit" VALUES(7,'冊');
INSERT INTO "system_unit" VALUES(8,'組');
INSERT INTO "system_unit" VALUES(9,'セット');
INSERT INTO "system_unit" VALUES(10,'ドメイン');
INSERT INTO "system_unit" VALUES(11,'IP');
INSERT INTO "system_unit" VALUES(12,'ライセンス');
CREATE TABLE "system_user" ("id" integer NOT NULL PRIMARY KEY AUTOINCREMENT, "password" varchar(128) NOT NULL, "last_login" datetime NULL, "is_superuser" bool NOT NULL, "username" varchar(150) NOT NULL UNIQUE, "first_name" varchar(30) NOT NULL, "last_name" varchar(150) NOT NULL, "email" varchar(254) NOT NULL, "is_staff" bool NOT NULL, "is_active" bool NOT NULL, "date_joined" datetime NOT NULL, "tel" varchar(32) NULL, "syozoku_id" integer NOT NULL REFERENCES "syozoku_list" ("id") DEFERRABLE INITIALLY DEFERRED);
INSERT INTO "system_user" VALUES(1,'pbkdf2_sha256$150000$aVsO9seBwD19$/BIm+9Wn3rtsvCQ579CMQaBlValEPj8OhlVEbZWBjAU=','2020-03-18 00:27:22.996545',1,'admin','ORDER','管理者','izume@nc.u-tokyo.ac.jp',1,1,'2019-11-28 01:19:25','nobody',1);
INSERT INTO "system_user" VALUES(2,'pbkdf2_sha256$150000$nr7ngvYbyYdL$aYRASEb3u+c7jqAnOwTVfgHCF7h5DZqBz+jSwJNRKbA=','2020-03-18 00:26:51.218476',0,'izume','健雄','井爪','izume@nc.u-tokyo.ac.jp',0,1,'2019-11-28 01:24:39','22711',2);
INSERT INTO "system_user" VALUES(3,'pbkdf2_sha256$150000$prdLWWlK6Y47$rz2XEVuZ9TSmGjW5aBux4dmFccwdkmkaNqAWMmpWSO4=','2020-03-12 08:22:59.060499',0,'sakai','朱美','坂井','sakai@nc.u-tokyo.ac.jp',0,1,'2019-11-28 01:42:52','22711',2);
INSERT INTO "system_user" VALUES(7,'pbkdf2_sha256$150000$vrd8U90AM4Hz$w+sdURTpaMkiMxtDgZsJGKDRm7C0irIj97GwjtnYzZo=','2020-01-23 03:04:24.147782',0,'nakayama','雅哉','中山','nakayama@nc.u-tokyo.ac.jp',0,1,'2020-01-23 02:39:28','22720',5);
INSERT INTO "system_user" VALUES(8,'pbkdf2_sha256$150000$xu1tcP1mAT7n$U7HdkiqnALMLyy8jGxvpwQMvNuFHTiwtI5Mv6hJYT2U=','2020-03-05 04:46:23.667704',0,'sasaki','','','',0,1,'2020-01-24 02:44:42','nobody',2);
INSERT INTO "system_user" VALUES(9,'pbkdf2_sha256$150000$qj4GFpRHrs1J$zX3rB2tUKcXhsYTbdP1zMoAp/UWfQ98pVcv9On2rnrw=','2020-03-13 04:55:34.849352',0,'nakamura','文隆','中村','nakamura@nc.u-tokyo.ac.jp',0,1,'2020-02-13 01:09:31','27970',9);
INSERT INTO "system_user" VALUES(10,'pbkdf2_sha256$150000$MmT3Ft9mYfOm$x3s6AtAPfpDvqcdrB97CY0HPlVBj2PpxT5owacuwM3I=','2020-03-13 02:52:41.037601',0,'komaidesu','優哉','駒井','komaidesu@nc.u-tokyo.ac.jp',0,1,'2020-03-12 08:21:56','22750',2);
CREATE TABLE "budcodes" ("id" integer NOT NULL PRIMARY KEY AUTOINCREMENT, "code" varchar(64) NOT NULL, "name" varchar(64) NOT NULL);
INSERT INTO "budcodes" VALUES(1,'100202','大学運営費－教育研究経費');
INSERT INTO "budcodes" VALUES(2,'100230','大学運営費－教育研究－業務達成');
INSERT INTO "budcodes" VALUES(3,'000001','部署コード１');
INSERT INTO "budcodes" VALUES(4,'000002','部署コード２');
INSERT INTO "budcodes" VALUES(5,'100202','大学運営費ー教育研究経費');
INSERT INTO "budcodes" VALUES(6,'100202','大学運営費－教育研究経費');
CREATE TABLE "depcodes" ("id" integer NOT NULL PRIMARY KEY AUTOINCREMENT, "code" varchar(32) NOT NULL, "name" varchar(32) NOT NULL);
INSERT INTO "depcodes" VALUES(1,'3810031315','情報基盤－共通－ネットワーク－支援経費－運営費');
INSERT INTO "depcodes" VALUES(2,'3810031370','情報基盤－共通－ネットワーク－支援経費－全学教育研究資金');
INSERT INTO "depcodes" VALUES(3,'3810031383','情報基盤－共通－ネットワーク－支援経費－研究の多様性');
INSERT INTO "depcodes" VALUES(4,'3810036030','情報基盤－共通－ネットワーク－業務達成－ＳＩＮＥＴ（Ｈ３０）');
INSERT INTO "depcodes" VALUES(5,'3810031360','情報基盤ー共通ーネットワークー支援経費ー振替（内部売上等）');
INSERT INTO "depcodes" VALUES(6,'0000000010','ECC');
INSERT INTO "depcodes" VALUES(7,'0000000011','部署コード２');
INSERT INTO "depcodes" VALUES(8,'3803301511','情報基盤ーネットワークー中山准教授ー研究経費ー研究費');
INSERT INTO "depcodes" VALUES(9,'3803501511','情報基盤－ネットワーク－中村（文）助教－研究経費－研究費');
CREATE TABLE "procodes" ("id" integer NOT NULL PRIMARY KEY AUTOINCREMENT, "code" varchar(32) NOT NULL, "name" varchar(32) NOT NULL);
INSERT INTO "procodes" VALUES(1,'000','なし');
INSERT INTO "procodes" VALUES(2,'000','なし');
INSERT INTO "procodes" VALUES(3,'000','なし');
INSERT INTO "procodes" VALUES(4,'000','なし');
CREATE TABLE "syozoku_list_budcode" ("id" integer NOT NULL PRIMARY KEY AUTOINCREMENT, "syozoku_id" integer NOT NULL REFERENCES "syozoku_list" ("id") DEFERRABLE INITIALLY DEFERRED, "budcode_id" integer NOT NULL REFERENCES "budcodes" ("id") DEFERRABLE INITIALLY DEFERRED);
CREATE TABLE "syozoku_list_depcode" ("id" integer NOT NULL PRIMARY KEY AUTOINCREMENT, "syozoku_id" integer NOT NULL REFERENCES "syozoku_list" ("id") DEFERRABLE INITIALLY DEFERRED, "depcode_id" integer NOT NULL REFERENCES "depcodes" ("id") DEFERRABLE INITIALLY DEFERRED);
CREATE TABLE "syozoku_list_project" ("id" integer NOT NULL PRIMARY KEY AUTOINCREMENT, "syozoku_id" integer NOT NULL REFERENCES "syozoku_list" ("id") DEFERRABLE INITIALLY DEFERRED, "procode_id" integer NOT NULL REFERENCES "procodes" ("id") DEFERRABLE INITIALLY DEFERRED);
CREATE TABLE "orders" ("id" integer NOT NULL PRIMARY KEY AUTOINCREMENT, "pdffile" varchar(100) NULL, "nendo" varchar(32) NOT NULL, "bango" integer NOT NULL, "order_date" date NOT NULL, "orderer" varchar(32) NOT NULL, "phone" varchar(32) NOT NULL, "delivery_place" varchar(32) NULL, "item_name" text NOT NULL, "kikaku" text NULL, "suuryou" integer unsigned NOT NULL CHECK ("suuryou" >= 0), "tanka" integer unsigned NULL CHECK ("tanka" >= 0), "kingaku" integer unsigned NOT NULL CHECK ("kingaku" >= 0), "suppliers" varchar(64) NULL, "invoice_number" varchar(32) NULL, "note" text NULL, "budget_subject_code_id" integer NOT NULL REFERENCES "budcodes" ("id") DEFERRABLE INITIALLY DEFERRED, "department_id" integer NOT NULL REFERENCES "bumon" ("id") DEFERRABLE INITIALLY DEFERRED, "department_code_id" integer NOT NULL REFERENCES "depcodes" ("id") DEFERRABLE INITIALLY DEFERRED, "kingaku_zei_id" integer NOT NULL REFERENCES "system_tax" ("id") DEFERRABLE INITIALLY DEFERRED, "order_status_id" integer NOT NULL REFERENCES "order_status_list" ("id") DEFERRABLE INITIALLY DEFERRED, "project_code_id" integer NOT NULL REFERENCES "procodes" ("id") DEFERRABLE INITIALLY DEFERRED, "tanni_id" integer NOT NULL REFERENCES "system_unit" ("id") DEFERRABLE INITIALLY DEFERRED, "syozoku_id" integer NOT NULL REFERENCES "syozoku_list" ("id") DEFERRABLE INITIALLY DEFERRED, "tanka_zei_id" integer NOT NULL REFERENCES "system_tax" ("id") DEFERRABLE INITIALLY DEFERRED);
INSERT INTO "orders" VALUES(20,'','2019',1,'2020-02-15','中村文隆','27970','43','test','test',1,11,11,NULL,NULL,'',6,6,9,1,1,4,1,9,2);
INSERT INTO "orders" VALUES(21,'','2019',2,'2020-02-12','中村文隆','27970','43号室','マルツエレック　電子部品','RASPBERRYPI4-MODEL-B/4GB',1,7480,7480,'東京大学消費生活協同組合','17306348','',6,6,9,1,1,4,1,9,1);
INSERT INTO "orders" VALUES(22,'','2019',3,'2020-02-12','中村文隆','27970','43号室','プリンストン　microSDHCカード 32GB Class10','USDC10/32GA',1,1915,1915,'東京大学消費生活協同組合','17306348','',6,6,9,1,1,4,6,9,1);
INSERT INTO "orders" VALUES(23,'','2019',4,'2020-02-28','中村文隆','27970','43号室','Microsoft Surface Book 2 (Core-i7/メモリ16GB/SSD512GB)','HNM-00012',1,297438,297438,'東京大学消費生活協同組合','17370875','',6,6,9,1,1,4,1,9,1);
INSERT INTO "orders" VALUES(24,'','2019',5,'2020-02-28','中村文隆','27970','43号室','NEC　モバイルルーター Aterm MR05LN','PA-MR05L + IM-B046',1,44300,44300,'東京大学消費生活協同組合','17370875','',6,6,9,1,1,4,2,9,1);
INSERT INTO "orders" VALUES(33,'','2018',1,'2018-10-01','井爪健雄','03-5841-2711','情報基盤センター本館４階事務室','ドメイン名登録更新料','東京大学.TOKYO.JP',1,2052,2052,'株式会社日本レジストリサービス','BILL-0000-0103-7002','先払いなので、確認サインはしていない。業務 完了届の日付が2018/12/1だが、角印が押されているので受け付ける。',1,1,1,1,1,1,10,2,1);
INSERT INTO "orders" VALUES(34,'','2018',2,'2018-10-01','井爪健雄','03-5841-2711','情報基盤センター本館４階事務室','ドメイン名登録更新料','東大.TOKYO.JP',1,2052,2052,'株式会社日本レジストリサービス','BILL-0000-0103-7003','先払いなので、確認サインはしていない。業務 完了届の日付が2018/12/1だが、角印が押されているので受け付ける。',1,1,1,1,1,1,10,2,1);
INSERT INTO "orders" VALUES(35,'','2018',3,'2018-10-22','井爪健雄','03-5841-2711','情報基盤センター４F事 務室','東京大学様向けVeemBackup&ReplicationStandardEdition年間保守費用','',1,0,730620,'日商エレクトロニクス株式会社','G000166292','',1,1,1,1,1,1,2,2,2);
INSERT INTO "orders" VALUES(36,'','2018',4,'2018-10-26','井爪健雄','03-5841-2711','情報基盤センター５階５０５室','パケットキャプチャ装置保守','SwiftWingSIRIUSLCS20GigabitMultiboxTYPE2[型式：LCS2H-8U-20G-192T-M2]年間保守費用',1,1347000,1454760,'株式会社コムワース','','別紙：業者選定理由書',1,1,1,1,2,1,2,2,2);
INSERT INTO "orders" VALUES(37,'','2018',5,'2018-10-15','井爪健雄','03-5841-2711','情報基盤センター5F505 室','utroam用サーバ（DL20Gen9E3v64SFFSATAオプ得モデル）','8197860-BCMV',2,446940,965390,'日本ヒューレット・パッカード株式会社','89A6809756','',1,1,1,1,1,1,1,2,2);
INSERT INTO "orders" VALUES(38,'','2018',6,'2018-10-31','坂井朱美','03-5841-2711','情報基盤センター4階408','ソフトウェアダウンロード管理サイト運用業務','',1,0,0,'','','公開見積合わせ',1,1,1,2,2,1,2,2,2);
INSERT INTO "orders" VALUES(39,'','2018',7,'2018-10-30','井爪健雄','03-5841-2711','情報基盤センター４階事務室','SeagateSavvio146GBSAS2.5インチ内蔵型HDD','ST9146852SS',1,9437,9437,'amazone.co.jp','','関谷先生のコーポレートカード支払い',1,1,1,1,1,1,3,2,1);
INSERT INTO "orders" VALUES(40,'','2018',8,'2018-11-09','坂井朱美','03-5841-2711','情報基盤センター4階408','WindowsServer2019Standard2本WindowsServerCAL(UserCAL)1本WinowsSQLServer20172本','',1,0,300942,'大塚商会','00BA27537309','',1,1,1,1,1,1,2,2,2);
INSERT INTO "orders" VALUES(41,'','2018',9,'2018-11-09','井爪健雄','03-5841-2711','本館４階４１２','新工 精機ふんばりくんZ超ミニサイズ','',4,4900,19600,'東京大学生活協同組合','15944962','',1,1,1,2,1,1,3,2,1);
INSERT INTO "orders" VALUES(42,'','2018',10,'2018-11-02','井爪健雄','03-5841-2711','情報基盤センター本館 ４階事務室','光回線提供の調査役務','',1,50000,54000,'株式会社光パスコミュニケーションズ','HPC_S2018120401','',1,1,1,1,1,1,2,2,2);
INSERT INTO "orders" VALUES(43,'','2018',11,'2018-12-18','坂井朱美','03-5841-2711','情報基盤センター4階408','ソフトウェアダウンロードサイト移行作業','',1,993600,993600,'大塚商会','00DA03854631','',1,1,1,1,1,1,2,2,1);
INSERT INTO "orders" VALUES(44,'','2018',12,'2019-01-18','坂井朱美','03-5841-2711','情報基盤センター本館 ４階事務室','アカデミックセレクトプラス（12月分）','WindowsServerCAL(UserCAL)10本WindowsServer2019Standard1本',1,0,33588,'株式会社大塚商会','00BA27748872','',1,1,1,1,1,1,2,2,2);
INSERT INTO "orders" VALUES(45,'','2018',13,'2019-01-21','坂井朱美','03-5841-2711','情報基盤センター本館 ４階事務室','ChemOfficeProfessional教育機関向けサイトライセンス（更新費 用）','',1,4320000,4320000,'株式会社ヒューリンクス','EU-33869','',1,1,1,1,2,1,2,2,1);
INSERT INTO "orders" VALUES(46,'','2018',14,'2019-02-04','井爪健雄','03-5841-2711','本館４階事務室','VeeamAvailabilityforNutanixAHV1year','PF-94J',6,270000,1749600,'ネットワンシステムズ 株式会社','','',1,1,1,1,2,1,2,2,2);
INSERT INTO "orders" VALUES(47,'','2018',15,'2019-02-04','坂井朱美','03-5841-2711','情報基盤センター4階408','DVD+R','三菱ケミカルメディアDVD+RDTR85HP50SD150枚',2,11880,23760,'東京大学生活協同組合','16156746','',1,1,1,1,1,1,9,2,1);
INSERT INTO "orders" VALUES(48,'','2018',16,'2019-02-13','井爪健雄','03-5841-2711','本館4階412室','パンドウィットマジック結束バンドタックタイ（ブルー)×２個、パンドウィットマジ ック結束バンドタックタイ（灰)×２個','HLS-15R6、HLS-15R8',4,1129,4516,'amazon.co.jp','503-6298688-9127049','関谷先生のクレジットカード払い',1,1,1,1,1,1,3,2,1);
INSERT INTO "orders" VALUES(49,'','2018',17,'2019-02-07','井爪健雄','03-5841-2711','本館4階412室','パンドウィットマジック結束バンドタックタイ（ブラック）','HLS-15R0',2,1129,2258,'amazon.co.jp','503-6621654-9407031','関谷先生のクレジットカード支払い',1,1,1,1,1,1,3,2,1);
INSERT INTO "orders" VALUES(50,'','2018',18,'2019-02-21','井爪健雄','03-5841-2711','本館5階５０４室','Nutanix','NX-1365-G6',1,4624000,4993920,'日商エレクトロニクス株式会社','','',1,1,4,1,2,1,2,2,2);
INSERT INTO "orders" VALUES(51,'','2018',19,'2019-02-25','坂井朱美','03-5841-2711','情報基盤センター本館 ４階事務室','JMPAcademicSuite','',1,600000,648000,'SASInstituteJapan','IN10005350','',1,1,1,1,1,1,2,2,2);
INSERT INTO "orders" VALUES(52,'','2018',20,'2019-01-10','井爪健雄','03-5841-2711','本館2階204ネット3室','Infoblox製品保守サポート更新','',2,453600,979776,'ユニアデックス株式会社','','',2,1,4,1,1,1,2,2,2);
INSERT INTO "orders" VALUES(53,'','2018',21,'2019-01-23','井爪健雄','03-5841-2711','情報基盤センター４階 事務室','UTokyoWiFiAP(3台)&PoEスイッチ(1台)','',1,0,389820,'ネットワンシス テムズ株式会社','','',1,1,1,1,1,1,2,2,2);
INSERT INTO "orders" VALUES(54,'','2018',22,'2019-01-15','井爪健雄','03-5841-2711','本館5階505室','SwiftWingSiriusHyperVisorOptin','NDR-OPT-VM1-Cen',1,450000,486000,'株式会社コムワース','7697','',1,1,1,1,1,1,2,2,2);
INSERT INTO "orders" VALUES(55,'','2018',23,'2017-12-27','井爪健雄','03-5841-2711','本館4階事務室','VeeamBackup&ReplicationStandardEdition年間保守/新規ライセンス','',1,0,999540,'日商エレクトロニクス株式会社','G000171897','',1,1,1,1,1,1,2,2,2);
INSERT INTO "orders" VALUES(56,'','2018',24,'2019-03-01','井爪健雄','03-5841-2711','本館4階事務室','平成30年度UPKI電子証明書発行サービス利用料（基本料・追加ドメイン）','',1,151200,151200,'大学共同利用機関法人情報・システム研究機構','UP2018-303','',1,1,1,1,1,1,2,2,1);
INSERT INTO "orders" VALUES(57,'','2018',25,'2019-02-28','井爪健雄','03-5841-2711','本館4階事務室','Juniper準拠10GE-LRSFP+','',45,3800,172700,'FS.COM（関谷先生のコーポレートカード 支払い）','OrderNO：FS190225195693','別途輸入消費税の請求が来ます。',1,1,1,1,1,1,3,2,2);
INSERT INTO "orders" VALUES(58,'','2018',26,'2019-03-12','井爪健雄','03-5841-2711','本館4階事務室','輸入 消費税（Juniper準拠10GE-LRSFP+45個）','',1,0,14200,'FedExExpress','7-737-64065','購入依頼書の整理番号25で購入したJuniper準拠10GE-LRSFP+の輸入消費税',1,1,1,1,1,1,4,2,2);
INSERT INTO "orders" VALUES(59,'','2018',27,'2019-03-08','井爪健雄','03-5841-2711','本館5階505室','WDHDD 内蔵ハードディスク3.5インチ4TBWDRedNAS用WD40EFRX-RT25400rpm3年保証','',1,0,16094,'（株）ディーシーカード（amazon.co.jp）','注文番号：503-6798153-3751010','関谷先生のコーポレートカード支払い',1,1,1,1,1,1,2,2,2);
INSERT INTO "orders" VALUES(60,'','2019',1,'2019-03-06','井爪健雄','03-5841-2711','本館4階事務室','キャプチャ装置ドータユニット保守','',1,975000,1053000,'株式会社コムワース','','2019年度支払い（年4回分割、３ヵ月毎、銀行振込）',1,1,1,1,2,1,2,2,2);
INSERT INTO "orders" VALUES(61,'','2019',2,'2019-03-29','駒井優哉','03-5841-2750','UTNET','2019年度Cisco 機器保守','保守期間:2019年4月1日-2020年3月31日',1,2635572,2635572,'ネットワンシステムズ株式会社','','',1,1,1,1,2,1,2,2,1);
INSERT INTO "orders" VALUES(62,'','2019',3,'2019-04-02','佐山純一','03-5841-2750','柏キャンパス第2総合研 究棟','MSN2100用コネクタ','MFM1T02A-LR2個、MAM1Q00A-QSA-SP2個',1,97000,104760,'富士通株式会社','','柏1キャン パスのUTNETのバックアップ接続用としてMellanoxの10GE-LRモジュールを購入する。2個購入し、1個は保守用の予備となる。',1,1,1,1,1,1,2,2,2);
INSERT INTO "orders" VALUES(63,'','2019',4,'2019-04-04','井爪健雄','03-5841-2711','本館４階事務室','ドメ イン名登録更新料（U-TOKYO.AC.JP）','',1,7560,7560,'株式会社日本レジストリサービス','BILL-0000-0104-3480','',1,1,1,1,1,1,10,2,1);
INSERT INTO "orders" VALUES(64,'','2019',5,'2019-04-15','井爪健雄','03-5841-2711','','2019年度IPアドレス 維持料','IPv4アドレス',211712,0,686600,'一般社団法人日本ネットワークインフォメーション センター','02-19-0141','',1,1,1,1,1,1,11,2,2);
INSERT INTO "orders" VALUES(65,'','2019',6,'2019-04-19','中山昭男','03-5841-2750','','ADATAUSBメモリ16GBAUV150-16G-RBK','',3,1080,3240,'東京大学消費生活協同組合','16476820','',1,1,1,1,1,1,3,2,1);
INSERT INTO "orders" VALUES(66,'','2019',7,'2019-04-22','佐山純一','03-5841-2750','情報基盤センター3階ハ ウジング部屋','鉄板（メッキ処理）SECC800×1300','',1,0,24560,'東京大学消費 生活協同組合','','UPSの荷重分散用に購入鉄板（メッキ処理）SECC800×1300板厚sect2.3個数2個',1,1,1,1,1,1,2,2,2);
INSERT INTO "orders" VALUES(67,'pdffiles/network2019-8.pdf','2019',8,'2019-01-10','井爪健雄','03-5841-2711',NULL,'Nutanix保守更新','RS-PRD-1065-G5-1YR',1,618000,667440,'日商エレクトロニクス株式会社','G000170367','保守期間：2019/04/01-2020/03/31',1,1,1,1,1,1,2,2,2);
INSERT INTO "orders" VALUES(68,'pdffiles/network2019-9.pdf','2019',9,'2019-04-23','中山昭男','03-5841-2750','情報基盤センター４階','OAuth徹底入門\4,082ヘルプサイトの作り方\2,507','',1,6589,6589,'東京大学消 費生活協同組合','16483941','',1,1,1,1,1,1,2,2,1);
INSERT INTO "orders" VALUES(69,'','2019',10,'2019-04-16','井爪健雄','03-5841-2711','本館４階４１２室','JuniperNetworksEX-SFP-10GE-LR対応互換10GBASE-LRSFP+モジュール×100個JuniperNetworksEX-XFP-10GE-LR対応互換10GBASE-LRXFPモジュール×10個送料','',1,0,299600,'FS.COM','注文#FS190416480493','関谷先生クレジットカード支払い。',1,1,1,1,1,1,2,2,2);
INSERT INTO "orders" VALUES(70,'pdffiles/network2019-11.pdf','2019',11,'2019-04-26','佐山純一','03-5841-2750','工学部8号館','東京大 学工学部8号館2階UTNETハブサイト室サーバー用コンセント取説工事','',1,70200,70200,'株式会社菅谷電気',NULL,'',1,1,1,1,1,1,2,2,1);
INSERT INTO "orders" VALUES(71,'pdffiles/network2019-12.pdf','2019',12,'2019-05-09','井爪健雄','03-5841-2711',NULL,'輸入消費税','',1,0,24300,'フェデラルエクスプレスジャパン合同会社','7739-67003','購入依頼書整 理番号１０JuniperNetworksEX-SFP-10GE-LR対応互換10GBASE-LRSFP+モジュール ×100個JuniperNetworksEX-XFP-10GE-LR対応互換10GBASE-LRXFPモジュール×10 個に関する税金',1,1,1,1,1,1,2,2,2);
INSERT INTO "orders" VALUES(72,'pdffiles/network2019-13.pdf','2019',13,'2019-05-13','井爪健雄','03-5841-2711','本館４階事務室','LGエレクトロニクスノートパソコン14Z990-GA55J他','',1,0,165638,'株式会社ヨドバシカメラ',NULL,'関谷先生のコーポレートカード支払い。',1,1,1,1,1,1,1,2,2);
INSERT INTO "orders" VALUES(73,'','2019',14,'2019-05-15','佐山純一','03-5841-2750','情報基盤センター505号室','空調機点検','点検',1,0,30780,'エスワイ電気','31-0012','',1,1,1,1,1,1,2,2,2);
INSERT INTO "orders" VALUES(74,'','2019',15,'2019-03-20','佐山純一','03-5841-2750','柏2キャンパス産学官民連携棟','VPNプライオ接続用Flebo機器','',1,111564,0,'東日本電信電話株式会社','213190004928','',1,1,1,1,1,1,2,2,1);
INSERT INTO "orders" VALUES(75,'','2019',16,'2019-05-22','佐山純一','03-5841-2750','情報基盤センター','宅急便','',1,1714,0,'東京大学生活協同組合','16555013','QFX5100センドバック(To:日商エレクトロニクス)',1,1,1,1,1,1,2,2,1);
INSERT INTO "orders" VALUES(76,'pdffiles/network2019-17.pdf','2019',17,'2019-05-23','佐山純一','03-5841-2750','情報基盤センター','工学部9号館～情報基盤センター間光配線工事','SM24c',1,0,557280,'日本コムシス株式会 社',NULL,'',1,1,1,1,1,1,2,2,2);
INSERT INTO "orders" VALUES(77,'','2019',18,'2019-05-29','佐山純一','03-5841-2750','情報基盤センター3階ハウジング部屋','OAフロア','',1,0,717552,'幸和商事株式会社','38444','',1,1,1,1,1,1,2,2,2);
INSERT INTO "orders" VALUES(78,'','2019',19,'2019-06-04','駒井優哉','03-5841-2750','工学部8号館2FUTNET機 器室','工学部8号館L3スイッチ用UPS','UPSS-50A3Li-120T-NB6',1,0,4903740,'UPSソリューションズ株式 会社','','',1,1,1,1,2,1,2,2,2);
INSERT INTO "orders" VALUES(79,'pdffiles/network2019-20.pdf','2019',20,'2019-06-07','佐山純一','03-5841-2750','日商エレクトロニクス','宅急便','120',1,0,1477,'東京大学消費生活協同組合','16606197','AirFilterの保 守作業品の発送',1,1,1,1,1,1,2,2,2);
INSERT INTO "orders" VALUES(80,'pdffiles/network2019-21.pdf','2019',21,'2019-06-14','佐山純一','03-5841-2750','情報基盤センター3階ハウジング部屋','100V電源','',1,0,636120,'株式会社エスワイ電気商会','31-0010','',1,1,1,1,1,1,2,2,2);
INSERT INTO "orders" VALUES(81,'pdffiles/network2019-22.pdf','2019',22,'2019-06-19','佐山純一','03-5841-2750','情報基盤センター4階事務室','UTNETエッジスイッチ用EX3400-24T','EX3400-24T',1,0,4843800,'日商エレクトロニク ス株式会社',NULL,'EX3400-24T×25台、EFLライセンス5個納期：2019/8/31',1,1,1,1,2,1,2,2,2);
INSERT INTO "orders" VALUES(82,'pdffiles/network2019-23.pdf','2019',23,'2019-06-20','佐山純一','03-5841-2750','情報基盤センター3階ハウジング部屋','東リラグ50NW-EX','東リラグ50NW-EX',1,0,392403,'東京大学消費生活協同組合','16678286','3階ハウジング部屋用床タイルマット',1,1,1,1,1,1,2,2,1);
INSERT INTO "orders" VALUES(83,'','2019',24,'2019-07-18','井爪健雄','03-5841-2711','本館５階５０５室','VMware用サーバシステム','',1,0,9979200,'','','消費税８％で1',1,1,1,1,2,1,2,2,2);
INSERT INTO "orders" VALUES(84,'pdffiles/network2019-24.pdf','2019',24,'2019-07-18','駒井優哉','03-5841-2750','情報基盤センター４階 ネットワークチーム','-SC-SC2芯シングルモードファイバ1m(SM-2Z-SCSC-1)×20本-SC-SC2芯シングルモードファイバ3m(SM-2Z-SCSC-3)×25本-SC-SC2芯シングルモードファイバ5m(SM-2Z-SCSC-5)×15本-SC-SC2芯シングルモードファイバ10m(SM-2Z-SCSC-10)×20本-LC-LC2芯シングルモードファイバ1m(SM-2Z-LCLC-1)×25本-LC-LC2芯シングルモードファイバ3m(SM-2Z-LCLC-3)×25本-LC-LC2芯シングルモードファイバ10m(SM-2Z-LCLC-10)×25本-LC-SC2芯シングルモードファイバ1m(SM-2Z-LCSC-1)×30本-LC-SC2芯シングルモードファイバ3m(SM-2Z-LCSC-3)×20本-LC-SC2芯シングルモードファイバ5m(SM-2Z-LCSC-5)×10本-LC-SC2芯シングルモードファイバ10m(SM-2Z-LCSC-10)×30本','',1,0,825120,'愛三電機株式会社','806750','',1,1,1,1,1,1,2,2,2);
INSERT INTO "orders" VALUES(85,'pdffiles/network2019-25.pdf','2019',25,'2019-07-23','佐山純一','03-5841-2750','情報基盤センター','1.5kVAUPS','UPSS-15A3Li-008RM-NB610台',1,0,4536000,'UPSソリューションズ株式会社',NULL,'1.5kVAリチウムモ デルUPS8分保持10台',1,1,1,1,2,1,2,2,2);
INSERT INTO "orders" VALUES(86,'pdffiles/network2019-26.pdf','2019',26,'2019-07-24','佐々木馨','22711','情報基盤センター４階事務室','本','DNSがよくわかる教科書',1,2216,2216,'東京大学消費生活協同組合','16730045','',1,1,1,1,1,1,7,2,1);
INSERT INTO "orders" VALUES(87,'pdffiles/network2019-27.pdf','2019',27,'2019-07-29','佐山純一','03-5841-2750','情報基盤センター2階ネットワーク機器室3','ra56冗長化用JuniperMX204','JuniperMX204',1,0,4221201,'日商エレクト ロニクス株式会社',NULL,'納期：2019年9月30日',1,1,1,1,2,1,2,2,2);
INSERT INTO "orders" VALUES(88,'pdffiles/network2019-28.pdf','2019',28,'2019-07-29','佐山純一','03-5841-2750','工学部8号館','工学部8号館分電盤交換作業','UPSS-OID1HS1-A1',1,0,891000,'UPSソリューションズ株式会社',NULL,'納期2019年9月6日',1,1,1,1,1,1,2,2,2);
INSERT INTO "orders" VALUES(89,'','2019',29,'2019-08-01','佐々木馨','22711','情報基盤センター４階事務室','令和元年度UPKI電子証明書発行サービス利用料（基本料・追加ドメイン）','',1,151200,151200,'情報・システム研究機構国立情報学研究所会計課','UT2019-061','',1,1,1,1,1,1,2,2,1);
INSERT INTO "orders" VALUES(90,'pdffiles/network2019-30.pdf','2019',30,'2019-08-16','佐山純一','03-5841-2750','生産技術研究所','生産技術研究所UPS撤去作業','',1,0,451440,'UPSソリューションズ株式会社',NULL,'FU-X140W2-N0-180-ST撤去',1,1,1,1,1,1,2,2,2);
INSERT INTO "orders" VALUES(91,'pdffiles/network2019-31.pdf','2019',31,'2019-08-21','井爪健雄','03-5841-2711','情報基盤センター4階405遠隔スタジオ','Webアプリケーション開発コース(9月）','',3,120000,388800,'株式会社ビープラウド',NULL,'9/25-9/26（受講者：井爪、佐々木、駒井）',1,1,1,1,1,1,2,2,2);
INSERT INTO "orders" VALUES(92,'pdffiles/network2019-32.pdf','2019',32,'2019-08-21','井爪健雄','03-5841-2711','情報基盤センター4階405遠隔スタジオ','Webアプリケーション開発コース(10月)','',2,120000,264000,'株式会社ビープラウド',NULL,'10/10-10/11（受講者：佐山、坂井）',1,1,1,1,1,1,2,2,2);
INSERT INTO "orders" VALUES(93,'','2019',33,'2019-08-26','佐山純一','03-5841-2750','情報基盤センター','2019年9月22日(日)停電作業における電源バックサービス','',1,0,1510920,'株式会社NTTファシリティーズ','','2019年9月22日7:00～13:00対応',1,1,1,1,2,1,2,2,2);
INSERT INTO "orders" VALUES(94,'','2019',34,'2019-08-26','佐山純一','03-5841-2750','情報基盤センター','2019年10月27日(日)停電作業における電源バックアップサービス','',1,0,1758900,' 株式会社NTTファシリティーズ','','2019年10月27日(日)6:30～19:00',1,1,1,1,2,1,2,2,2);
INSERT INTO "orders" VALUES(95,'pdffiles/network2019-35.pdf','2019',35,'2019-08-28','井爪健雄','03-5841-2711','本館２階ネットワーク ４室','ATEN製KVM(19インチLCD一体型16ポートKVMドロワー)','CL5816NJJL',1,270000,291600,'ネットワンシステムズ株式会社','30591568-000','',1,1,1,1,1,1,1,2,2);
INSERT INTO "orders" VALUES(96,'pdffiles/network2019-36.pdf','2019',36,'2019-08-29','井爪健雄','03-5841-2711','本館４階事務室','StarTechMiniDisplayPort1.2-HDMIアクティブ変換アダプタ','MDP2HD4KS',1,0,3391,'東京大学消 費生活協同組合','16828476','',1,1,1,1,1,1,3,2,2);
INSERT INTO "orders" VALUES(97,'pdffiles/network2019-37.pdf','2019',37,'2019-09-12','井爪健雄','03-5841-2711','本館４階事務室','Transceivers-doesnotemitradiofrequency:SFP-10G-T×6個Transceivers-doesnotemitradiofrequency:SFP-10GLR-31×50個','',56,0,169714,'FS.COM','789597158568','関谷先生のコーポレートカード支払い。',1,1,1,2,1,1,3,2,2);
INSERT INTO "orders" VALUES(98,'pdffiles/network2019-38.pdf','2019',38,'2019-09-25','井爪健雄','03-5841-2711',NULL,'消費税、地方消費税及び特別取扱手数料','',1,0,13900,'フェデラルエクスプレスジャパン合同会社','7744-91028','整理番号３７に関する税及び手数料',1,1,1,1,1,1,4,2,1);
INSERT INTO "orders" VALUES(99,'pdffiles/network2019-39.pdf','2019',39,'2019-09-03','佐山純一','03-5841-2750','情報基盤センター2階ネットワーク機器室3','武田先端知～情報基盤センター光配線工事(SM24C)','',1,0,717120,'日本コムシス株式会社','C3512102','',1,1,1,1,1,1,2,2,2);
INSERT INTO "orders" VALUES(100,'pdffiles/network2019-40.pdf','2019',40,'2019-10-01','佐山純一','03-5841-2750','情報基盤センター','IIJモバイルサービス','',1,1800,60390,'株式会社インターネットイニシアティブ',NULL,'端末2台月額900円(税抜)×2、5.5か月分の月額費用初期費用端末台45000円( 税抜)',1,1,1,1,2,1,2,2,2);
INSERT INTO "orders" VALUES(101,'pdffiles/network2019-41.pdf','2019',41,'2019-10-03','佐山純一','03-5841-2750','柏キャンパス基盤棟','宅急便','60サイズ',1,0,830,'東京大学消費生活協同組合','16925748','UTokyoWiFi故障AP センドバック',1,1,1,1,1,1,2,2,2);
INSERT INTO "orders" VALUES(102,'pdffiles/network2019-42.pdf','2019',42,'2019-09-22','井爪健雄','03-5841-2711','本館４階４１２室','RJ45ケーブルデュアルヘッドネットワーク拡張コネクタ／SFPモジュール／OpticAdapter','１．RJ45-1-FS×３０個２．SFP-GB-GE-T× １６個３．FiberOpticAdapters×１０個',56,0,41180,'FS.COM','注文＃FS190921452835','関谷先生コーポレート カード支払い',1,1,1,1,1,1,3,2,2);
INSERT INTO "orders" VALUES(103,'pdffiles/network2019-43.pdf','2019',43,'2019-10-04','井爪健雄','03-5841-2711',NULL,'都道府県型日本語ドメイン名登録更新料','東京大学.TOKYO.JP',1,1900,2090,'株式会社日本レジストリサービス','BILL-0000-0104-8850','先払い',1,1,1,1,1,1,10,2,2);
INSERT INTO "orders" VALUES(104,'pdffiles/network2019-44.pdf','2019',44,'2019-10-04','井爪健雄','03-5841-2711',NULL,'都道府県型日本語ドメイン名登録更新料','東大.TOKYO.JP',1,1900,2090,'株式会社日本レジストリサービス','BILL-0000-0104-8851','先払い',1,1,1,1,1,1,10,2,2);
INSERT INTO "orders" VALUES(105,'pdffiles/network2019-45.pdf','2019',45,'2019-10-11','井爪健雄','03-5841-2711',NULL,'消費税、地方消費税及び特別取扱手数料','',1,0,3600,'フェデラルエクスプレスジャパン合同会社','7745-59808','整理番号４２に関する税及び手数料',1,1,1,1,1,1,4,2,2);
INSERT INTO "orders" VALUES(106,'pdffiles/network2019-46.pdf','2019',46,'2019-10-09','井爪健雄','03-5841-2711',NULL,'SeagateHDD他','１．ST9300603SS×1個２．ST91000640SS ×1個',2,0,15641,'amazon.co.jp','注文番号250-6965608-1863052','関谷先生のコーポレートカード支払い',1,1,1,1,1,1,3,2,2);
INSERT INTO "orders" VALUES(107,'pdffiles/network2019-47.pdf','2019',47,'2019-09-25','井爪健雄','03-5841-2711',NULL,'日本ヒューレットパッカード600GB10krpmホットプラグ2.5型6GSASハードディスクドライブ','581286-B21',2,11556,23112,'amazon.co.jp','注文番号503-8020000-8714202','関谷先生のコーポレ ートカード支払い',1,1,1,1,1,1,3,2,1);
INSERT INTO "orders" VALUES(108,'pdffiles/network2019-48.pdf','2019',48,'2019-10-18','坂井朱美','03-5841-2711','情報基盤センター4階事務室','UnitBase保守更新費','保守期間2019/10/1?2010/9/30',1,350240,350240,'株式会社ジャストシステム','ZZB0506441','',1,1,1,1,1,1,2,2,1);
INSERT INTO "orders" VALUES(109,'pdffiles/network2019-49.pdf','2019',49,'2019-10-25','佐山純一','03-5841-2750','情報基盤センター','UTokyoWiFi用PoEスイッチ','CiscoCatalyst3560CX',1,0,131560,'ネットワンシステムズ株式会社',NULL,'',1,1,1,1,1,1,2,2,2);
INSERT INTO "orders" VALUES(110,'pdffiles/network2019-50.pdf','2019',50,'2019-10-25','佐山純一','03-5841-2750','ネットワンシステムズ 保守部材受入窓口','宅急便','80サイズ',1,0,1050,'東京大学消費生活協同組合','16982840','教育用無線LAN故障AP2台のセンドバック保守対応',1,1,1,1,1,1,2,2,2);
INSERT INTO "orders" VALUES(111,'pdffiles/network2019-51.pdf','2019',51,'2019-10-29','井爪健雄','03-5841-2711','本館５F505室','SIRIUSストレージユニット増設','SwiftWingSIRIUSLCS20GbMultibox216TB(4TBHDD×54)',1,4500000,4950000,'株式会社コムワース',NULL,'業者 選定理由書',2,1,4,1,2,1,2,2,2);
INSERT INTO "orders" VALUES(112,'pdffiles/network2019-52.pdf','2019',52,'2019-09-25','井爪健雄','03-5841-2711','本館４階４１２室','ixiaPatchTap','TPPCH-100-LR-85-50×2：TPPCH-10-SR-50-50×2',4,75000,330000,'ネットワンシステムズ株式会社','30608227-000','',1,1,1,1,1,1,3,2,2);
INSERT INTO "orders" VALUES(113,'pdffiles/network2019-53.pdf','2019',53,'2019-09-13','井爪健雄','03-5841-2711','本館４階４１２室','JuniperNetworksJNP-QSFP-100G-LR4対応互換100GBASE-LR4QSFP28モジュール他','JuniperNetworksJNP-QSFP-100G-LR4対応互換100GBASE-LR4QSFP28モジュール×8、JuniperNetworksQSFPP-40GBASE-LR4対応互換40GBASE-LR4QSFP+モジュール×4、Brocade10G-SFPP-LR対応互換10GBASE-LRSFP+モジュール×3、FS製CiscoSFP-10G-ER対応互換10GBASE-ERSFP+モジュール×1、Brocade10G-SFPP-ER対応互換10GBASESFP+モジュール×1、FS製CiscoSFP-10G-ER対応互換10GBASE-ERSFP+モジュール×1、送料',18,0,848709,'FiberStoreCo.','Limited','注文#FS190913317373注文#FS190913497374',1,1,1,2,1,1,3,2,2);
INSERT INTO "orders" VALUES(114,'pdffiles/network2019-54.pdf','2019',54,'2019-10-07','井爪健雄','03-5841-2711',NULL,'整理番号53の輸入消費税','',1,2600,2600,'フェデラルエクスプレスジャパン合同会社','7745-94923','',1,1,1,1,1,1,4,2,1);
INSERT INTO "orders" VALUES(115,'pdffiles/network2019-55.pdf','2019',55,'2019-11-05','井爪健雄','03-5841-2711',NULL,'整理番号53の輸入消費税（立替払い分）','',1,0,82400,'関谷先生立替払（ヤマト運輸株式会社）',NULL,'整理番号５３の輸入消費税を関谷先生が立替払いしたものです。',1,1,1,1,1,1,4,2,2);
INSERT INTO "orders" VALUES(116,'pdffiles/network2019-56.pdf','2019',56,'2019-11-11','坂井朱美','03-5841-2711','情報基盤センター４０ ８号室','トリムイオンネオ用マイクロカーボンカートリッジ日本トリム','',1,9350,9350,'幸和商事株式会社','41909','',1,1,1,1,1,1,3,2,1);
INSERT INTO "orders" VALUES(117,'pdffiles/network2019-57.pdf','2019',57,'2019-11-12','駒井優哉','03-5841-2750','情報基盤センター4階事務室','UTNETエッジスイッチ用EX3400-24P','EX3400-24P',22,203000,4466000,'日商エレクト ロニクス株式会社',NULL,'スタンダードサポートセンドバック12か月分含む',1,1,1,2,2,1,3,2,2);
INSERT INTO "orders" VALUES(118,'pdffiles/network2019-58.pdf','2019',58,'2019-11-12','佐々木馨','22711','情報基盤センター４階事務室','InternetWeek2019参加費（立替払い）','',1,30600,30600,'株式会社イーサイド',NULL,'',1,1,1,1,1,1,4,2,1);
INSERT INTO "orders" VALUES(119,'pdffiles/network2019-59.pdf','2019',59,'2019-11-14','佐山純一','03-5841-2750','目白台インターナショ ナルビレッジ','本郷キャンパス～目白台インターナショナルビレッジ間10Gbps 回線','',1,0,220000,'アルテリア・ネットワーク株式会社',NULL,'2020年4月より利 用開始費用は工学系研究科にて負担',1,1,1,1,2,1,2,2,2);
INSERT INTO "orders" VALUES(120,'pdffiles/network2019-60.pdf','2019',60,'2019-11-15','佐山純一','03-5841-2750','情報基盤センター','柏→本郷機器類移動作業','柏→本郷機器類移動作業',1,0,99000,'幸和商事株式会社',NULL,'見積書No',1,1,1,1,1,1,2,2,2);
INSERT INTO "orders" VALUES(121,'pdffiles/network2019-61.pdf','2019',61,'2019-11-18','佐山純一','03-5841-2750','情報基盤センター','CFORTH-QSFP-4x10G-PLR4-JU','',3,0,990000,'エイム電子株式会社',NULL,'',1,1,1,1,1,1,3,2,2);
INSERT INTO "orders" VALUES(122,'pdffiles/network2019-62.pdf','2019',62,'2019-11-21','井爪健雄','03-5841-2711','本館４階事務室','PyQ 個人ライトプラン','2019/11/2115:00頃~2019/12/2115:00頃',5,3040,15200,'株式会社ビープラウド','注文番号：06PKK8I2UFJ8FSYW','I450S532IT8B4JVX',1,1,1,1,1,1,4,2,1);
INSERT INTO "orders" VALUES(123,'','2019',63,'2019-11-25','佐山純一','03-5841-2750','情報基盤センター','JuniperQSFP-4X10GE-LR','JNP-QSFP-4X10GE-',2,330000,726000,'日商エレクトロニクス','','',1,1,1,1,1,1,3,2,2);
INSERT INTO "orders" VALUES(124,'pdffiles/network2019-64.pdf','2019',64,'2019-12-03','佐山純一','03-5841-2750','電話庁舎','電話庁舎2 階サーバ室空調機更新','PLZ-ERMP140KV',1,0,777700,'株式会社エスワイ電気商会',NULL,'',1,1,1,1,1,1,2,2,2);
INSERT INTO "orders" VALUES(125,'pdffiles/network2019-65_1.pdf','2019',65,'2019-12-09','井爪健雄','03-5841-2711','本館2階ネットワーク４室','ホスト仮想化クラスタ機材一式とその設置','',1,12020000,13222000,NULL,NULL,'',1,1,1,1,2,1,2,2,2);
INSERT INTO "orders" VALUES(126,'pdffiles/network2019-66.pdf','2019',66,'2019-12-17','坂井朱美','03-5841-2711','情報基盤センター本館 ４階事務室','ASP(10月)','WindowsServerSTDCore(16LicCoreLic)',2,22600,49720,'株式会社大塚商会','00BA28897966','',1,1,1,1,1,1,5,2,2);
INSERT INTO "orders" VALUES(127,'pdffiles/network2019-67.pdf','2019',67,'2019-12-18','井爪健雄','03-5841-2711','本館5階５０５室','パ ケットキャプチャ装置保守','SwiftWingSIRIUSLCS20GigabitMultiboxTYPE2[型式：LCS2H-8U-20G-192T-M2]年間保守期間：2019年12月1日～2010年11月30日',1,1347000,1481700,'株式会社コムワース',NULL,'',2,1,4,1,2,1,2,2,2);
INSERT INTO "orders" VALUES(128,'pdffiles/network2019-68.pdf','2019',68,'2019-12-19','坂井朱美','03-5841-2711','情報基盤センター本館 ４階事務室','ASP(11月)','windowsServerSTDCore2019(16licCorelic)×11windowsServerSTDCore2019(2licCorelic)×4ProjectSTD2019×1',1,295680,295680,'株式会社大塚商会','00BA28910282','',1,1,1,1,1,1,2,2,1);
INSERT INTO "orders" VALUES(129,'pdffiles/network2019-69.pdf','2019',69,'2019-12-23','井爪健雄','03-5841-2711','本館４階事務室','PyQ 個人ライトプラン','利用期間：2019/12/2115:00頃～2020/1/2115:00頃',5,3040,15200,'株式会社ビープラウド',NULL,'中山先生のコーポレートカード支払い。',1,1,1,1,1,1,4,2,1);
INSERT INTO "orders" VALUES(130,'pdffiles/network2019-70.pdf','2019',70,'2019-12-23','井爪健雄','03-5841-2711','本館２階ネットワーク ４室','VeeamAvailabilityforNutanixAHV更新','V-VBRPLS-VS-P01AR-00',6,79000,521400,'ネットワンシ ステムズ株式会社','30645250-000','期間：2020/2/28-2021/2/27',1,1,1,1,1,1,2,2,2);
INSERT INTO "orders" VALUES(131,'','2019',71,'2020-01-09','坂井朱美','03-5841-2711','情報基盤センター本館 ４階事務室','ソフトウエアダウンロード管理サイト改修作業','仕様書にて',1,1650000,1650000,'大塚商会株式会社','','',1,1,1,1,1,1,2,2,1);
INSERT INTO "orders" VALUES(132,'pdffiles/network2019-73.pdf','2019',73,'2020-01-23','坂井朱美','03-5841-2711','情報基盤センター本館 ４階事務室','Creo教育用ライセンス更新','UniversityPlusAcademicCampusPack2年間リリースアップデート、テクニカルサポート付き',1,965250,965250,'株式会社理経',NULL,'',1,1,1,1,1,1,2,2,1);
INSERT INTO "orders" VALUES(133,'pdffiles/network2019-74.pdf','2019',74,'2020-01-23','佐山純一','03-5841-2750','情報基盤センター','TS-2550GPSタイプセンドバック保守','P-TS2550-SE',1,0,213400,'ペンティオ株式会社',NULL,'2020/3/7～2025/3/6の5年間',1,1,1,1,1,1,2,2,2);
INSERT INTO "orders" VALUES(134,'pdffiles/network2019-75.pdf','2019',75,'2020-01-21','井爪健雄','03-5841-2711',NULL,'PyQ個人ライトプラ ン','利用期間：2020/1/2115:00頃～2020/2/2115:00頃',5,3040,15200,'株式会社ビープラウド',NULL,'井爪のコーポレートカード支払い。',1,1,1,1,1,1,4,2,1);
INSERT INTO "orders" VALUES(135,'','2019',76,'2020-01-24','佐山純一','03-5841-2750','情報基盤センター4階事務室','ノートPCXPS15','CAX1679HLBRS160N30JP',1,0,232243,'デル株式会社','','',1,1,1,1,1,1,2,2,2);
INSERT INTO "orders" VALUES(136,'pdffiles/network2019-77_4dzhTZ1.pdf','2019',77,'2020-01-29','井爪健雄','03-5841-2711','本館４階事務室','VeeamBackup&ReplicationStandardEdition年間保守','VeeamBackup&ReplicationStandardEdition年間サポートメ ンテナンス２０式ライセンスアカデミック１８式ライセンス追加（一か月分）１８式',1,0,3289660,'日商エレクトロ ニクス株式会社',NULL,'期間：2020/3/27~2021/3/26保守管理番号：MZ000027102',1,1,1,1,2,1,2,2,2);
INSERT INTO "orders" VALUES(137,'pdffiles/network2019-78.pdf','2019',78,'2020-01-29','佐山純一','03-5841-2750','情報基盤センター4階事務室','AYCL-0712電源コード','AYCL-0712電源コード',1,0,33000,'愛三電機株式会社','809756','L字電源コード0.7m50本',1,1,1,1,1,1,2,2,2);
INSERT INTO "orders" VALUES(138,'pdffiles/network2019-79.pdf','2019',79,'2020-01-31','佐山純一','03-5841-2750','情報基盤センター4階事務室','NTPアナログクロック','SNC-300J',1,0,83380,'ペンティオ株式会社',NULL,'',1,1,1,1,1,1,2,2,2);
INSERT INTO "orders" VALUES(139,'','2019',80,'2020-02-04','坂井朱美','03-5841-2711','情報基盤センター本館 ４階事務室','ソフォス社製ウイルス対策ソフトウェア更新','仕様書にて',1,0,1952500,'株式会社内田洋行','','',1,1,1,1,2,1,2,2,1);
INSERT INTO "orders" VALUES(140,'','2019',81,'2020-02-20','坂井朱美','03-5841-2711','情報基盤センター本館 ４階事務室','キャノンITソリューションズ社製ウイルス対策ソフトウェア更新','仕様書にて',1,676500,676500,'株式会社大塚商会','00BA29124160','',1,1,1,1,1,1,2,2,1);
INSERT INTO "orders" VALUES(141,'','2019',82,'2020-02-04','坂井朱美','03-5841-2711','情報基盤センター本館 ４階事務室','トレンドマイクロ社製ウイルス対策ソフトウェア更新','',1,4574900,4574900,'株式会社大塚商会','','',1,1,1,1,2,1,2,2,1);
INSERT INTO "orders" VALUES(142,'pdffiles/network2019-83.pdf','2019',83,'2020-02-12','坂井朱美','03-5841-2711','情報基盤センター本館 ４階事務室','ChemOfficeProfessional教育機関向け年間サイトライセンス契約 更新','仕様書',1,3982000,3982000,'富士通株式会社',NULL,'',1,1,1,1,2,1,2,2,1);
INSERT INTO "orders" VALUES(143,'','2019',84,'2020-02-06','坂井朱美','03-5841-2711','情報基盤センター本館 ４階事務室','JMPAcademicSuite','契約期間：2020/4/1-2021/3/31',1,660000,660000,'SASInstituteJapan株式会 社','IN10008693','',1,1,1,1,1,1,2,2,1);
INSERT INTO "orders" VALUES(144,'','2019',85,'2020-02-06','井爪健雄','03-5841-2711','本館２階ネットワーク ４室','DELLEMCスイッチS4148F-ON','S4148F-ON',1,706310,776941,'日本コムシス株式会社','','仮想マシン用のスイッチ',1,1,1,1,1,1,2,2,2);
INSERT INTO "orders" VALUES(145,'pdffiles/network2019-86.pdf','2019',86,'2020-02-06','井爪健雄','03-5841-2711','本館4階事務室','PC(AlienwareAuroraR9)＆30インチDellモニタ(AW3418DW)','AlienwareAuroraR9一台、DellモニタAW3418DW一台',1,443080,443080,'デル株 式会社','7409448048','',1,1,1,1,1,1,2,2,1);
INSERT INTO "orders" VALUES(146,'pdffiles/network2019-87.pdf','2019',87,'2020-02-07','佐山純一','03-5841-2750','工学部8号館','工学部8号館サーバ室空調機','PSZ-ERMP112KW',1,0,1269400,'株式会社エスワイ電気',NULL,'',1,1,1,1,2,1,2,2,2);
INSERT INTO "orders" VALUES(147,'','2019',88,'2020-02-07','佐々木馨','22711','情報基盤センター４階事務室','SurfacePro7、ドッキングステーション、HDMIケーブル、','',1,170554,170554,' 株式会社ヨドバシカメラ','','コーポレートカード払い（井爪名義）',1,1,1,1,1,1,2,2,1);
INSERT INTO "orders" VALUES(148,'pdffiles/network2019-89.pdf','2019',89,'2020-02-12','坂井朱美','03-5841-2711','情報基盤センター本館 ４階事務室','Symantec社製ウイルス対策ソフトウェア更新','仕様書にて',1,467060,467060,'株式会社内田洋行',NULL,'',1,1,1,1,1,1,2,2,1);
INSERT INTO "orders" VALUES(149,'pdffiles/network2019-90.pdf','2019',90,'2020-02-13','佐山純一','03-5841-2750','情報基盤センター','JuniperEX3300用EFLライセンス','EX-24-EFL',1,0,2887500,'日商エレクトロニクス株式会社',NULL,'EX-24-EFL25ライセンス分',1,1,1,1,2,1,2,2,2);
INSERT INTO "orders" VALUES(150,'','2019',91,'2020-02-13','坂井朱美','03-5841-2711','情報基盤センター本館 ４階事務室','マイクロソフトアカデミックセレクトプラスライセンス','WindowsServer201916コアライセンス×5WindowsServer20192コアライセンス×4Projectstandard2019×1',1,146520,146520,'株式会社大塚商会','00BA29099867','',1,1,1,1,1,1,2,2,1);
INSERT INTO "orders" VALUES(151,'','2019',92,'2020-02-14','佐山純一','03-5841-2750','ヒトゲノム解析センタ ー(白金台キャンパス)','ヒトゲノム解析センター1階サーバ室UPS電源撤去工事','',1,0,13200,'株式会社菅谷電機','','',1,1,1,1,1,1,2,2,2);
INSERT INTO "orders" VALUES(152,'pdffiles/network2019-93.pdf','2019',93,'2020-02-14','駒井優哉','03-5841-2750','情報基盤センター4階事務室','ネットワークチーム必要部材(Terastationほか)','',1,161760,161760,'東 京大学生活協同組合','17318662','',1,1,1,1,1,1,2,2,1);
INSERT INTO "orders" VALUES(153,'','2019',94,'2020-02-20','佐山純一','03-5841-2750','ヒトゲノム解析センタ ー','ヒトゲノム解析センターUPS撤去工事','',1,0,33000,'株式会社菅谷電機','','',1,1,1,1,1,1,2,2,2);
INSERT INTO "orders" VALUES(154,'pdffiles/network2019-95.pdf','2019',95,'2020-02-21','井爪健雄','03-5841-2711',NULL,'PyQ個人ライトプラ ン','利用期間：2020/2/2115:00頃～2020/3/2115:00頃',5,3040,15200,'株式会社ビープラウド',NULL,'井爪のコーポレートカード支払い。',1,1,1,1,1,1,4,2,1);
INSERT INTO "orders" VALUES(155,'pdffiles/network2019-96.pdf','2019',96,'2020-02-26','佐々木馨','22711','情報基盤センター４階事務室','MLP版CreativeCloud学生・教職員個人版特別提供版(年間プラン一括払い)','',1,0,26136,'AdobeSystems','1155950011','コーポレートカード払い（井爪名義）',1,1,1,1,1,1,2,2,2);
INSERT INTO "orders" VALUES(156,'','2019',97,'2020-03-02','坂井朱美','03-5841-2711','情報基盤センター本館 ４階事務室','富士通瞬快ソフトウエア保守','富士通瞬快並2019年3月?2020年2月',1,1849,1849,'富士通株式会社','39179677-000','',1,1,1,1,1,1,2,2,1);
INSERT INTO "orders" VALUES(157,'pdffiles/network2019-98.pdf','2019',98,'2020-02-28','井爪健雄','03-5841-2711',NULL,'ヌーラボサービス利用料（Backlogスターター）','利用期間：2020/02/28～2021/02/27',1,24000,26400,'株式会社ヌーラボ',NULL,'井爪のコーポレートカード支払い。',1,1,1,1,1,1,4,2,2);
INSERT INTO "orders" VALUES(158,'pdffiles/network2019-99.pdf','2019',99,'2020-03-03','佐々木馨','22711','情報基盤センター４階事務室','ヘッドセット、ウェットティッシュ','',1,19272,19272,'東京大学消費生活協同組合','17379649','',1,1,1,1,1,1,2,2,1);
INSERT INTO "orders" VALUES(159,'pdffiles/network2019-100.pdf','2019',100,'2020-03-04','駒井優哉','03-5841-2750','情報基盤センター','ヘッドセット(USB接続)、養生テープ、USBアダプタ','1式',1,7176,7176,'東京大学消 費生活協同組合','17390842','',1,1,1,1,1,1,2,2,1);
INSERT INTO "orders" VALUES(160,'','2020',1,'2020-01-10','坂井朱美','03-5841-2711','情報基盤センター４０８号室','ソフトウエアダウンロード管理サイト運業業務','仕様書にて',1,3564000,3564000,'株式会社大塚商会',NULL,'2020年度予算での支払い',1,1,1,1,2,1,2,2,1);
INSERT INTO "orders" VALUES(161,'pdffiles/network2020-2.pdf','2020',2,'2020-02-17','井爪健雄','03-5841-2711',NULL,'Nutanix NX1365-G5 保守更新','RS-PRD-1065-G5-1YR',1,648900,713790,'日商エレクトロニクス株式会社',NULL,'2020年度予算での支払い',1,1,1,1,1,1,2,2,2);
INSERT INTO "orders" VALUES(162,'pdffiles/network2019-94.pdf','2020',3,'2020-02-17','坂井朱美','03-5841-2711','情報基盤センター本館４階事務室','LabVIEWソフトウエア更新','仕様書にて',1,5215210,5215210,'日本ナショナルインスツルメンツ株式会社',NULL,'',1,1,1,1,2,1,2,2,1);
INSERT INTO "orders" VALUES(163,'pdffiles/network2020-4.pdf','2020',4,'2020-02-26','佐山純一','03-5841-2750','柏1キャンパス、柏2キャンパス','柏Ⅰ～柏Ⅱキャンパス間　高速・広帯域アクセスサービス(100G)','100Gbps専用線',1,NULL,2080760,'東日本電信電話株式会社',NULL,'初期経費　73,260円
月額費用　401,500円
2020年11月1日から利用開始',1,1,1,1,2,1,2,2,2);
INSERT INTO "orders" VALUES(164,'pdffiles/network2020-5.pdf','2020',5,'2020-02-27','井爪健雄','22711','本館2階ネット4室','Nutanix NX-1365-G6 保守更新','RS-PRD-1065-G6-1YR1YR Producion System Support for NTNX NX-1065-G6(Hybrid)',1,735400,808940,'日商エレクトロニクス株式会社',NULL,'保守期間：2020/04/01 ～ 2021/03/31
2020年度予算での支払い',1,1,1,1,1,1,2,2,2);
INSERT INTO "orders" VALUES(165,'pdffiles/20200312170252.pdf','2019',101,'2020-03-12','坂井朱美','22711','情報基盤センター本館４階事務室','ASP（2月）','Windows Server STD 2019 (16lic Corelic)×1
Visio Standard 2019 ×2
VSPro 2019 ×2
Win RmtDsktpSvcs CAL ×5
SQLSvrStd 2019 ×1',1,94710,94710,'株式会社大塚商会','00BA29201682','',1,1,1,1,1,1,2,2,1);
INSERT INTO "orders" VALUES(166,'pdffiles/order0_1.pdf','2019',102,'2020-03-13','井爪健雄','22711','本館４階事務室','デスクトップPC　ほか','Apple MacBook Air、HPデスクトップPC　EliteDesk 800G5 SF、IOデータ　27型液晶ディスプレイ　LCD-AH271XDB、DisplayPort-HDMI変換ケーブル',1,388038,388038,'東京大学消費生活協同組合','17425308','課長用PC',1,1,1,1,1,1,2,2,1);
INSERT INTO "orders" VALUES(167,'pdffiles/order0.pdf','2019',103,'2020-02-16','井爪健雄','22711',NULL,'Zoom','利用期間：2020/02/16 - 2021/02/15',1,20100,20100,'Zoom Video Communications Inc.','INV10959717','',1,1,1,1,1,1,12,2,1);
DELETE FROM sqlite_sequence;
INSERT INTO "sqlite_sequence" VALUES('django_migrations',27);
INSERT INTO "sqlite_sequence" VALUES('django_content_type',15);
INSERT INTO "sqlite_sequence" VALUES('auth_permission',60);
INSERT INTO "sqlite_sequence" VALUES('auth_group',0);
INSERT INTO "sqlite_sequence" VALUES('django_admin_log',122);
INSERT INTO "sqlite_sequence" VALUES('bumon',6);
INSERT INTO "sqlite_sequence" VALUES('order_status_list',2);
INSERT INTO "sqlite_sequence" VALUES('syozoku_list',9);
INSERT INTO "sqlite_sequence" VALUES('system_tax',2);
INSERT INTO "sqlite_sequence" VALUES('system_unit',12);
INSERT INTO "sqlite_sequence" VALUES('system_user',10);
INSERT INTO "sqlite_sequence" VALUES('budcodes',6);
INSERT INTO "sqlite_sequence" VALUES('depcodes',9);
INSERT INTO "sqlite_sequence" VALUES('procodes',4);
INSERT INTO "sqlite_sequence" VALUES('orders',167);
CREATE UNIQUE INDEX "django_content_type_app_label_model_76bd3d3b_uniq" ON "django_content_type" ("app_label", "model");
CREATE UNIQUE INDEX "auth_group_permissions_group_id_permission_id_0cd325b0_uniq" ON "auth_group_permissions" ("group_id", "permission_id");
CREATE INDEX "auth_group_permissions_group_id_b120cbf9" ON "auth_group_permissions" ("group_id");
CREATE INDEX "auth_group_permissions_permission_id_84c5c92e" ON "auth_group_permissions" ("permission_id");
CREATE UNIQUE INDEX "auth_permission_content_type_id_codename_01ab375a_uniq" ON "auth_permission" ("content_type_id", "codename");
CREATE INDEX "auth_permission_content_type_id_2f476e4b" ON "auth_permission" ("content_type_id");
CREATE UNIQUE INDEX "system_user_groups_user_id_group_id_33e2ef7b_uniq" ON "system_user_groups" ("user_id", "group_id");
CREATE INDEX "system_user_groups_user_id_8e766c0f" ON "system_user_groups" ("user_id");
CREATE INDEX "system_user_groups_group_id_925e6bcb" ON "system_user_groups" ("group_id");
CREATE UNIQUE INDEX "system_user_user_permissions_user_id_permission_id_2c3e5fa1_uniq" ON "system_user_user_permissions" ("user_id", "permission_id");
CREATE INDEX "system_user_user_permissions_user_id_0c39fdf8" ON "system_user_user_permissions" ("user_id");
CREATE INDEX "system_user_user_permissions_permission_id_9339fa91" ON "system_user_user_permissions" ("permission_id");
CREATE INDEX "django_admin_log_content_type_id_c4bce8eb" ON "django_admin_log" ("content_type_id");
CREATE INDEX "django_admin_log_user_id_c564eba6" ON "django_admin_log" ("user_id");
CREATE INDEX "django_session_expire_date_a5c62663" ON "django_session" ("expire_date");
CREATE INDEX "bumon_syozoku_id_4fc430e1" ON "bumon" ("syozoku_id");
CREATE INDEX "system_user_syozoku_id_b1d8bf70" ON "system_user" ("syozoku_id");
CREATE UNIQUE INDEX "syozoku_list_budcode_syozoku_id_budcode_id_f4d7e5ff_uniq" ON "syozoku_list_budcode" ("syozoku_id", "budcode_id");
CREATE INDEX "syozoku_list_budcode_syozoku_id_73c9eaef" ON "syozoku_list_budcode" ("syozoku_id");
CREATE INDEX "syozoku_list_budcode_budcode_id_8b3208e9" ON "syozoku_list_budcode" ("budcode_id");
CREATE UNIQUE INDEX "syozoku_list_depcode_syozoku_id_depcode_id_b88bb832_uniq" ON "syozoku_list_depcode" ("syozoku_id", "depcode_id");
CREATE INDEX "syozoku_list_depcode_syozoku_id_200a53f1" ON "syozoku_list_depcode" ("syozoku_id");
CREATE INDEX "syozoku_list_depcode_depcode_id_5eaa3137" ON "syozoku_list_depcode" ("depcode_id");
CREATE UNIQUE INDEX "syozoku_list_project_syozoku_id_procode_id_65e182d7_uniq" ON "syozoku_list_project" ("syozoku_id", "procode_id");
CREATE INDEX "syozoku_list_project_syozoku_id_a2543370" ON "syozoku_list_project" ("syozoku_id");
CREATE INDEX "syozoku_list_project_procode_id_a7378667" ON "syozoku_list_project" ("procode_id");
CREATE INDEX "orders_budget_subject_code_id_14f63fef" ON "orders" ("budget_subject_code_id");
CREATE INDEX "orders_department_id_b1cf5788" ON "orders" ("department_id");
CREATE INDEX "orders_department_code_id_c91a595c" ON "orders" ("department_code_id");
CREATE INDEX "orders_kingaku_zei_id_3aab9e5c" ON "orders" ("kingaku_zei_id");
CREATE INDEX "orders_order_status_id_05e726df" ON "orders" ("order_status_id");
CREATE INDEX "orders_project_code_id_e2958762" ON "orders" ("project_code_id");
CREATE INDEX "orders_tanni_id_309500f9" ON "orders" ("tanni_id");
CREATE INDEX "orders_syozoku_id_5365f5c8" ON "orders" ("syozoku_id");
CREATE INDEX "orders_tanka_zei_id_a134b61e" ON "orders" ("tanka_zei_id");
COMMIT;
